Data Source,World Development Indicators,,,,,,,,,,,,,,,,,,,,,,,,,,,,,,,,,,,,,,,,,,,,,,,,,,,,,,,,,,,,,,,
,,,,,,,,,,,,,,,,,,,,,,,,,,,,,,,,,,,,,,,,,,,,,,,,,,,,,,,,,,,,,,,,
Last Updated Date,3/19/21,,,,,,,,,,,,,,,,,,,,,,,,,,,,,,,,,,,,,,,,,,,,,,,,,,,,,,,,,,,,,,,
,,,,,,,,,,,,,,,,,,,,,,,,,,,,,,,,,,,,,,,,,,,,,,,,,,,,,,,,,,,,,,,,
Country Name,Country Code,Indicator Name,Indicator Code,1960,1961,1962,1963,1964,1965,1966,1967,1968,1969,1970,1971,1972,1973,1974,1975,1976,1977,1978,1979,1980,1981,1982,1983,1984,1985,1986,1987,1988,1989,1990,1991,1992,1993,1994,1995,1996,1997,1998,1999,2000,2001,2002,2003,2004,2005,2006,2007,2008,2009,2010,2011,2012,2013,2014,2015,2016,2017,2018,2019,2020
Aruba,ABW,"Mortality rate, infant, female (per 1,000 live births)",SP.DYN.IMRT.FE.IN,,,,,,,,,,,,,,,,,,,,,,,,,,,,,,,,,,,,,,,,,,,,,,,,,,,,,,,,,,,,,
Afghanistan,AFG,"Mortality rate, infant, female (per 1,000 live births)",SP.DYN.IMRT.FE.IN,,,219.8,215.9,212.3,208.9,205.3,201.7,198.2,194.5,190.8,187.2,183.5,179.9,176.2,172.4,168.8,165,161.1,157.2,153.2,149.2,145,141.1,137.3,133.3,129.4,125.7,121.8,118,114.2,110.7,107.3,104,100.9,98,95,92.3,89.7,87.2,84.8,82.4,79.9,77.4,74.8,72.3,69.7,67.2,64.7,62.3,60,57.7,55.6,53.4,51.4,49.5,47.8,46.1,44.6,43.1,
Angola,AGO,"Mortality rate, infant, female (per 1,000 live births)",SP.DYN.IMRT.FE.IN,,,,,,,,,,,,,,,,,,,,,129.6,128,126.5,125.1,123.9,123,122.4,122,121.7,121.4,121.2,121.1,121.2,121.2,120.9,120.3,119.3,117.9,116.1,113.9,111.1,108,104.4,100.5,96.1,91.6,86.8,82,77.2,72.7,68.5,64.3,60.5,57.1,54.3,51.9,49.9,48,46.3,44.9,
Albania,ALB,"Mortality rate, infant, female (per 1,000 live births)",SP.DYN.IMRT.FE.IN,,,,,,,,,,,,,,,,,,,68.4,63.4,58.7,54.4,50.4,46.8,43.6,40.7,38.2,35.9,33.9,32.2,30.8,29.6,28.5,27.5,26.6,25.7,24.7,23.7,22.7,21.7,20.6,19.6,18.5,17.4,16.2,15.1,14.1,13,12.1,11.2,10.3,9.5,8.7,8.2,7.8,7.6,7.5,7.5,7.6,7.7,
Andorra,AND,"Mortality rate, infant, female (per 1,000 live births)",SP.DYN.IMRT.FE.IN,,,,,,,,,,,,,,,,,,,,,,,,,,8.9,8.7,8.6,8.4,8.2,8,7.8,7.6,7.4,7.2,7,6.8,6.5,6.3,6.1,5.8,5.7,5.4,5.2,5,4.8,4.6,4.4,4.2,4,3.8,3.6,3.5,3.3,3.2,3,2.9,2.8,2.7,2.6,
Arab World,ARB,"Mortality rate, infant, female (per 1,000 live births)",SP.DYN.IMRT.FE.IN,,,,,,,,,,,,,,,,,,,,,,,,,,,,,,,53.81746298,52.23124602,50.76090187,49.34924101,47.95096103,46.56163417,45.18596463,43.85827393,42.55047037,41.30189346,40.07436513,38.88933383,37.66527446,36.55251798,35.44325259,34.36942698,33.30854345,32.17544912,31.08473165,30.01071185,29.05346661,28.18079956,27.47008688,26.7958374,26.19619995,25.65116045,25.12201351,24.64102641,24.20302943,23.75462579,
United Arab Emirates,ARE,"Mortality rate, infant, female (per 1,000 live births)",SP.DYN.IMRT.FE.IN,123.8,117.9,112,106.1,100.2,94,87.7,81.4,75.2,69.1,63.4,58,53.1,48.6,44.5,40.6,37,33.7,30.6,27.8,25.4,23.1,21.1,19.4,18,16.8,15.7,14.7,13.8,13.1,12.4,11.8,11.2,10.7,10.3,9.9,9.6,9.2,9,8.7,8.5,8.2,8,7.8,7.6,7.3,7.1,6.9,6.7,6.6,6.4,6.3,6.2,6.1,6,5.9,5.9,5.8,5.8,5.7,
Argentina,ARG,"Mortality rate, infant, female (per 1,000 live births)",SP.DYN.IMRT.FE.IN,,,,,,,,,,55.7,55.2,54.3,53.4,52.2,50.6,48.5,46,42.9,39.6,36.1,33,30.5,28.3,26.3,25,23.9,23.2,22.7,22.6,22.6,22.5,22.1,21.6,20.8,19.9,19,18.2,17.5,16.7,16.1,15.6,15.1,14.6,14.1,13.6,13.2,12.8,12.5,12.2,11.9,11.5,11.1,10.6,10.2,9.6,9.2,8.7,8.2,7.6,7.3,
Armenia,ARM,"Mortality rate, infant, female (per 1,000 live births)",SP.DYN.IMRT.FE.IN,,,,,,,,,,,,,,,,,62.8,60.5,58.3,56.1,54.1,52.1,50.2,48.4,46.7,45,43.4,41.9,44.2,38.8,37.3,35.9,34.4,33,31.6,30.2,28.9,27.6,26.4,25.2,24.1,22.9,21.9,20.8,19.8,18.8,17.9,17,16.2,15.4,14.6,13.9,13.2,12.6,12,11.4,10.8,10.3,9.8,9.4,
American Samoa,ASM,"Mortality rate, infant, female (per 1,000 live births)",SP.DYN.IMRT.FE.IN,,,,,,,,,,,,,,,,,,,,,,,,,,,,,,,,,,,,,,,,,,,,,,,,,,,,,,,,,,,,,
Antigua and Barbuda,ATG,"Mortality rate, infant, female (per 1,000 live births)",SP.DYN.IMRT.FE.IN,59.4,55.5,51.2,46.7,42.2,37.9,34,30.4,27.2,24.6,22.3,20.5,19,17.8,16.7,15.8,14.9,14,13.2,12.5,11.8,11.3,10.8,10.5,10.2,10.1,10,10,10.1,10.3,10.4,10.7,11,11.3,11.6,11.8,12,12.1,12.1,12,11.8,11.6,11.2,10.8,10.4,10,9.6,9.2,8.7,8.3,7.9,7.5,7.1,6.8,6.5,6.2,6,5.8,5.5,5.3,
Australia,AUS,"Mortality rate, infant, female (per 1,000 live births)",SP.DYN.IMRT.FE.IN,17.9,17.5,17.1,16.7,16.4,16.2,16,15.9,15.8,15.7,15.5,15.1,14.6,14,13.3,12.5,11.7,11,10.4,9.9,9.5,9.1,8.8,8.6,8.4,8.2,7.9,7.7,7.4,7,6.6,6.3,5.9,5.6,5.3,5.1,5,4.9,4.7,4.7,4.6,4.5,4.4,4.4,4.3,4.3,4.2,4.1,3.9,3.8,3.6,3.4,3.3,3.2,3.1,3,2.9,2.9,2.8,2.8,
Austria,AUT,"Mortality rate, infant, female (per 1,000 live births)",SP.DYN.IMRT.FE.IN,32.7,30.6,28.8,27.2,25.8,24.6,23.6,22.7,22.1,21.7,21.5,21.3,20.8,19.8,18.5,17,15.5,14.3,13.3,12.5,11.9,11.4,10.8,10.3,9.8,9.3,8.7,8.2,7.8,7.4,7.1,6.7,6.4,5.9,5.5,5.1,4.8,4.5,4.3,4.2,4.1,4.1,4,3.9,3.8,3.7,3.5,3.5,3.4,3.3,3.2,3.1,3,2.9,2.8,2.8,2.7,2.7,2.6,2.6,
Azerbaijan,AZE,"Mortality rate, infant, female (per 1,000 live births)",SP.DYN.IMRT.FE.IN,,,,,,,,,,,,,,,,,,,,,,,79.3,77.6,75.9,74.2,72.8,71.6,70.6,69.9,69.7,69.9,70.1,70.2,70,69.1,67.6,65.5,62.7,59.5,56,52.5,49.1,45.9,43.1,40.4,38,35.7,33.5,31.5,29.5,27.6,25.8,24.1,22.5,21,19.6,18.3,17.2,16.3,
Burundi,BDI,"Mortality rate, infant, female (per 1,000 live births)",SP.DYN.IMRT.FE.IN,,,,,131.3,132.1,133.1,134,134.8,135.4,135.6,135.7,135.9,136.2,136.4,136.3,135.6,133.9,130.9,126.8,122,116.7,111.2,105.9,101.3,97.7,95.4,94.4,94.4,95.1,96,97,97.8,98.1,97.9,97,95.8,94,91.9,89.3,86.6,83.7,80.7,77.6,74.2,70.5,66.8,63,59.4,56.1,53,50.1,47.5,45,42.8,40.9,39.3,37.9,36.6,35.5,
Belgium,BEL,"Mortality rate, infant, female (per 1,000 live births)",SP.DYN.IMRT.FE.IN,25.4,24.4,23.5,22.6,21.7,20.9,20.2,19.4,18.9,18.3,17.7,16.9,16.1,15.3,14.4,13.6,12.8,12.1,11.5,11,10.5,10,9.5,9.1,8.7,8.4,8.1,7.9,7.6,7.3,7.1,6.9,6.6,6.3,5.8,5.5,5.1,4.8,4.5,4.3,4.2,4,3.9,3.8,3.6,3.5,3.5,3.4,3.3,3.2,3.2,3.1,3,3,2.9,2.8,2.7,2.6,2.5,2.4,
Benin,BEN,"Mortality rate, infant, female (per 1,000 live births)",SP.DYN.IMRT.FE.IN,171.3,168.5,165.4,162.4,159.3,156.2,153.3,150.6,148,145.6,143.2,140.7,138.3,135.6,132.8,129.9,127.1,124.2,121.5,119.1,116.9,114.9,113.1,111.2,109.5,107.7,105.9,104,102.1,100.2,98.1,96,94,92.1,90.2,88.4,86.7,85,83.3,81.4,79.6,77.7,75.9,74.3,72.7,71,69.6,68.2,66.9,65.6,64.3,63,61.8,60.6,59.3,58.1,56.9,55.8,54.5,53.3,
Burkina Faso,BFA,"Mortality rate, infant, female (per 1,000 live births)",SP.DYN.IMRT.FE.IN,144.5,143.1,141.7,140.4,139.1,138,137.1,136.2,135.3,134.5,133.7,132.7,131.1,128.8,125.9,122.3,118.4,114.6,111.1,108.1,105.6,103.5,101.7,100,98.5,96.8,95,93.4,92.1,91.3,90.8,90.6,90.7,90.6,90.4,89.9,88.9,87.8,86.6,85.4,84,82.5,80.8,78.9,76.7,74.4,71.8,69.3,66.9,64.6,62.6,60.6,58.9,57.2,55.7,54.2,52.8,51.5,50.2,49.1,
Bangladesh,BGD,"Mortality rate, infant, female (per 1,000 live births)",SP.DYN.IMRT.FE.IN,160.3,156.3,152.7,149.2,146.2,143.6,141.5,139.9,138.6,137.7,137.1,136.8,136.4,135.9,135.1,134.1,132.8,131.2,129.2,126.9,124.5,121.9,119.1,116.1,112.8,109.5,105.9,102.5,99.1,95.6,92.2,88.7,85.3,81.9,78.5,75,71.5,68.3,65,61.9,58.9,56,53.3,50.7,48.3,45.9,43.7,41.6,39.5,37.7,36,34.3,32.8,31.4,30,28.6,27.3,26.1,24.9,23.8,
Bulgaria,BGR,"Mortality rate, infant, female (per 1,000 live births)",SP.DYN.IMRT.FE.IN,40.6,36,32.6,30.3,28.8,27.9,27.6,27.5,26.8,25.4,24,23,22.4,21.9,21.5,21,20.4,19.7,18.9,17.9,17,16.3,15.7,15.2,14.5,13.8,13.1,12.5,12.2,12.4,12.8,13.2,13.4,13.5,13.5,13.5,13.6,13.7,13.6,13.1,12.6,12.1,11.6,11.1,10.4,9.8,9.2,8.7,8.4,8.2,8,7.7,7.3,6.8,6.4,6.1,5.8,5.5,5.3,5,
Bahrain,BHR,"Mortality rate, infant, female (per 1,000 live births)",SP.DYN.IMRT.FE.IN,131.8,121.3,111.8,102.9,94.4,86.3,79,72.2,66,60.2,55,50.3,46.1,42.3,38.9,35.9,33.3,31.1,29.1,27.3,25.7,24.4,23.2,22.1,21.2,20.4,19.9,19.5,19.2,19.1,19,18.7,18.2,17.4,16.3,15.1,13.8,12.7,11.7,11,10.4,10,9.7,9.4,9.1,8.8,8.5,8.1,7.7,7.4,7.1,6.8,6.6,6.5,6.3,6.3,6.2,6,5.9,5.7,
"Bahamas, The",BHS,"Mortality rate, infant, female (per 1,000 live births)",SP.DYN.IMRT.FE.IN,,,,,,,,,23.1,23.5,23.9,24.3,24.6,24.9,25,24.9,24.7,24.4,24,23.7,23.3,23,22.7,22.5,22.3,22,21.6,21,20.2,19.3,18.5,17.6,16.8,16,15.3,14.6,14,13.5,13.1,12.9,12.9,13,13.1,13.3,13.4,13.4,13.3,13.1,12.9,12.7,12.4,12.1,11.9,11.6,11.4,11.1,10.9,10.6,10.3,10.1,
Bosnia and Herzegovina,BIH,"Mortality rate, infant, female (per 1,000 live births)",SP.DYN.IMRT.FE.IN,,,,,,,,,,,,,,,,,,,,,,,,,23.3,21.4,19.7,18.2,16.8,15.5,14.3,13.2,12.8,12.1,11,10.4,9.5,9,8.5,8.1,7.7,7.5,7.3,7.1,7,6.9,6.7,6.4,6.2,5.9,5.6,5.4,5.2,5.1,5,4.9,4.8,4.8,4.7,4.6,
Belarus,BLR,"Mortality rate, infant, female (per 1,000 live births)",SP.DYN.IMRT.FE.IN,,,,,,,,,,,,,,,,,,,,,14.4,13.8,13.3,12.8,12.3,11.9,11.5,11.1,10.7,10.4,10.2,10.2,10.3,10.4,10.5,10.4,10.3,10,9.6,9,8.4,7.8,7.2,6.6,6.1,5.6,5.2,4.7,4.3,4,3.7,3.4,3.2,3,2.8,2.7,2.5,2.4,2.3,2.1,
Belize,BLZ,"Mortality rate, infant, female (per 1,000 live births)",SP.DYN.IMRT.FE.IN,,,,,,,,72,69,66.2,63.6,61.2,59,56.9,54.8,52.9,51.1,49.4,47.7,46.2,44.6,43.1,41.5,39.8,38.2,36.6,34.8,33.1,31.3,29.6,27.9,26.4,25,23.7,22.5,21.5,20.6,19.8,19.1,18.5,17.8,17.3,16.9,16.5,16.2,16,15.8,15.5,15.2,14.9,14.6,14.1,13.6,13.1,12.5,11.8,11.2,10.6,10.1,9.5,
Bermuda,BMU,"Mortality rate, infant, female (per 1,000 live births)",SP.DYN.IMRT.FE.IN,,,,,,,,,,,,,,,,,,,,,,,,,,,,,,,,,,,,,,,,,,,,,,,,,,,,,,,,,,,,,
Bolivia,BOL,"Mortality rate, infant, female (per 1,000 live births)",SP.DYN.IMRT.FE.IN,158,155.1,152.2,149.2,146.4,143.5,140.5,137.5,134.5,131.5,128.5,125.6,122.6,119.6,116.6,113.6,110.7,107.8,105.1,102.6,100.2,98.1,96.1,94,91.9,89.8,87.3,84.7,82.1,79.5,76.9,74.4,71.8,69.3,66.8,64.2,61.6,58.9,56.3,53.6,50.9,48.3,45.8,43.3,41,38.8,36.8,34.7,32.9,31.1,29.5,27.9,26.4,24.9,23.6,22.4,21.4,20.4,19.6,18.9,
Brazil,BRA,"Mortality rate, infant, female (per 1,000 live births)",SP.DYN.IMRT.FE.IN,114.5,111.5,108.6,105.8,103.3,101,98.8,96.8,94.7,92.8,90.8,88.6,86.5,84.4,82.3,80.2,78.1,75.9,73.5,71,68.3,65.6,63,60.5,58.2,56.1,54.1,52.2,50.4,48.6,46.7,44.8,42.8,40.7,38.5,36.3,34.1,32.1,30.2,28.4,26.7,25,23.5,22,20.6,19.2,18.1,17,16.1,15.3,14.6,14,13.5,13.1,12.7,12.3,12.9,11.6,11.2,10.9,
Barbados,BRB,"Mortality rate, infant, female (per 1,000 live births)",SP.DYN.IMRT.FE.IN,64.3,59.7,55.8,52.4,49.4,46.8,44.5,42.5,40.5,38.7,36.9,35,33.3,31.5,29.8,28.2,26.7,25.1,23.7,22.3,21.1,20,19.2,18.4,17.8,17.3,16.8,16.2,15.7,15.1,14.5,14,13.5,13,12.6,12.4,12.2,12.2,12.2,12.3,12.5,12.7,12.9,13.1,13.1,13.1,13,12.9,12.8,12.7,12.5,12.4,12.3,12.2,12,11.8,11.5,11.3,10.9,10.6,
Brunei Darussalam,BRN,"Mortality rate, infant, female (per 1,000 live births)",SP.DYN.IMRT.FE.IN,74.7,67.5,60.7,54.6,49.6,45.7,42.7,40.4,38.5,36.6,34.5,32.1,29.6,26.9,24.4,22,19.9,18,16.4,15,13.7,12.7,11.8,11.1,10.5,10.1,9.7,9.5,9.3,9.3,9.2,9.3,9.3,9.2,9,8.8,8.5,8.2,7.9,7.7,7.5,7.3,7.2,7.1,7,7,7,7,7,7.1,7.2,7.3,7.4,7.6,7.7,7.9,8.1,8.3,8.4,8.6,
Bhutan,BTN,"Mortality rate, infant, female (per 1,000 live births)",SP.DYN.IMRT.FE.IN,,,,,,,,,,177.4,171.9,166.5,161.3,156.2,151.2,146.3,141.5,136.9,132.4,127.9,123.5,119,114.7,110.5,106.5,102.5,98.5,94.6,90.9,87.2,83.7,80.3,77,73.8,70.7,67.6,64.5,61.5,58.7,55.9,53.3,50.7,48.2,45.7,43.3,40.9,38.7,36.6,34.6,32.7,31,29.4,28.1,26.9,25.8,24.8,23.9,23.1,22.3,21.5,
Botswana,BWA,"Mortality rate, infant, female (per 1,000 live births)",SP.DYN.IMRT.FE.IN,105.2,102.4,99.4,96.7,94,91.7,89.4,87,84.6,82,79.3,76.5,73.6,70.7,67.7,64.5,61.3,58.1,54.9,51.9,49.2,46.8,44.6,42.5,40.5,38.6,36.7,35,33.6,32.6,32.3,32.5,33,33.7,34.3,35,33.3,32.8,32.1,30.6,28.7,26.3,24.5,23,21.7,18.7,17.9,19.3,20.2,20.5,22,24.3,24.2,25.7,27.9,28.9,29.8,29.3,29.2,29.1,
Central African Republic,CAF,"Mortality rate, infant, female (per 1,000 live births)",SP.DYN.IMRT.FE.IN,154.9,152.6,150.4,147.9,145,142.4,139.5,136.7,133.8,131.2,128.7,126.5,124.1,122,120.1,118.2,116.5,114.7,113.2,111.7,110.5,109.3,108.5,107.8,107.3,106.8,106.4,106.1,106.2,106.4,106.5,106.2,105.7,105.3,104.8,104.5,104,103.7,103.1,102.6,102,101.6,101.1,100.5,99.8,98.9,97.7,96.8,95.6,93.9,92.4,90.6,88.6,87.1,84.7,82.5,80.2,78.5,76.5,74.3,
Canada,CAN,"Mortality rate, infant, female (per 1,000 live births)",SP.DYN.IMRT.FE.IN,24.3,23.5,22.7,21.9,21,20.2,19.4,18.7,17.9,17,16.2,15.4,14.7,13.9,13.2,12.5,11.8,11.1,10.4,9.7,9.1,8.6,8.1,7.7,7.4,7.1,6.8,6.6,6.4,6.2,6,5.9,5.7,5.5,5.3,5.2,5.1,4.9,4.9,4.8,4.8,4.8,4.8,4.8,4.8,4.8,4.7,4.7,4.6,4.6,4.5,4.5,4.4,4.4,4.3,4.3,4.2,4.1,4,3.9,
Central Europe and the Baltics,CEB,"Mortality rate, infant, female (per 1,000 live births)",SP.DYN.IMRT.FE.IN,,,,,,,,,,,,,,,,,,,,,,,,,,,,,,,14.12506391,13.75514331,13.44435561,13.06304338,12.65839603,12.11500008,11.575189,11.01690215,10.39913092,9.767165159,9.202491948,8.809440816,8.512325841,8.251860836,7.88777496,7.51690061,7.081919447,6.626341759,6.182556679,5.826925569,5.564718025,5.274434689,5.066113989,4.797226689,4.543694764,4.338629893,4.135034658,3.950605977,3.787088989,3.597351819,
Switzerland,CHE,"Mortality rate, infant, female (per 1,000 live births)",SP.DYN.IMRT.FE.IN,18.7,18.4,17.9,17.4,16.7,15.9,15.2,14.6,14,13.5,12.9,12.3,11.6,11,10.3,9.6,9,8.4,8,7.6,7.3,7,6.8,6.6,6.5,6.4,6.3,6.2,6.1,6,5.8,5.6,5.4,5.1,4.9,4.7,4.5,4.4,4.3,4.3,4.2,4.2,4.1,4,4,3.9,3.8,3.7,3.7,3.6,3.6,3.6,3.5,3.5,3.5,3.5,3.4,3.4,3.3,3.3,
Channel Islands,CHI,"Mortality rate, infant, female (per 1,000 live births)",SP.DYN.IMRT.FE.IN,,,,,,,,,,,,,,,,,,,,,,,,,,,,,,,,,,,,,,,,,,,,,,,,,,,,,,,,,,,,,
Chile,CHL,"Mortality rate, infant, female (per 1,000 live births)",SP.DYN.IMRT.FE.IN,121.7,114.9,109.7,104.9,98.3,89.3,79.9,72.3,66.7,63.4,61.5,60.8,59.7,57.7,54.2,48.9,43.1,36.9,31.6,27.7,24.9,22.7,20.5,18.6,17.4,17,16.8,16.6,16.2,15.5,14.5,13.5,12.4,11.5,10.7,10.1,9.6,9.4,9.2,8.8,8.4,7.9,7.5,7.3,7.1,7,6.9,6.9,6.9,6.8,6.8,6.7,6.6,6.4,6.3,6.1,6,5.8,5.6,5.5,
China,CHN,"Mortality rate, infant, female (per 1,000 live births)",SP.DYN.IMRT.FE.IN,,,,,,,,,,79.2,75.6,72.1,68.8,65.4,62.1,58.7,55.4,52.4,49.7,47.3,45.2,43.4,42,41,40.3,39.9,39.8,39.8,39.9,39.9,39.7,39.4,38.8,37.8,36.7,35.5,34.2,32.9,31.4,29.9,28.2,26.4,24.5,22.5,20.6,18.9,17.3,15.9,14.7,13.6,12.6,11.6,10.8,10,9.2,8.6,7.9,7.3,6.8,6.3,
Cote d'Ivoire,CIV,"Mortality rate, infant, female (per 1,000 live births)",SP.DYN.IMRT.FE.IN,193,187.8,182.7,178,173.3,169,164.7,160.6,156.3,152.2,148,143.6,138.9,134.2,129.3,124.3,119.3,114.7,110.5,107.1,104.2,101.9,99.9,98.2,96.9,95.9,95.2,94.7,94.3,94.1,93.9,93.9,93.8,93.4,92.8,92.1,91.2,90.1,88.7,87.2,85.6,83.7,81.8,79.9,77.9,75.7,73.9,71.7,69.5,67.6,65.8,64.2,62.4,60.7,59,57.5,56.3,54.8,53.4,51.5,
Cameroon,CMR,"Mortality rate, infant, female (per 1,000 live births)",SP.DYN.IMRT.FE.IN,152.3,149,146.3,143.8,141.2,138.2,134.3,129.8,125,120.2,115.8,111.8,108.7,106.4,105,104.1,103.5,102.7,101.6,100,97.8,95.2,92.2,89,85.7,82.5,79.9,77.9,76.6,76.1,76.4,77.1,78.1,79.3,80.3,81.1,81.5,81.6,81.3,80.5,79.1,77.6,75.7,73.8,72.1,70.5,68.9,67.4,65.6,64.1,61.9,60.1,58,55.7,53.7,51.4,49.7,47.8,46.1,44.8,
"Congo, Dem. Rep.",COD,"Mortality rate, infant, female (per 1,000 live births)",SP.DYN.IMRT.FE.IN,,,,,,,,,,140.5,139.1,137.8,136.2,134.8,133.2,131.6,129.9,128.2,126.5,124.9,123.4,121.9,120.4,119,117.9,116.7,115.6,114.5,113.5,112.4,111.3,110.3,109.2,108.1,107.1,105.9,104.7,103.3,101.7,100,98.1,96,93.9,91.7,89.5,87.2,85.1,83,80.8,78.7,76.6,74.6,72.6,70.7,68.8,66.9,65.1,63.4,61.7,59.9,
"Congo, Rep.",COG,"Mortality rate, infant, female (per 1,000 live births)",SP.DYN.IMRT.FE.IN,101,98.9,96.9,95.1,93,90.8,88.4,86.2,84.1,81.9,79.9,78,76,74.3,72.6,70.9,69.2,67.7,66.1,64.5,63,61.4,59.7,58.2,56.6,55.3,54.1,53.2,52.9,52.9,53.3,54.2,55.5,57,58.9,60.9,63,64.9,66.2,66.7,66.2,64.6,62,58.8,55.1,51.3,47.8,44.7,42.2,40.2,38.8,37.8,37,36.3,35.5,34.6,33.7,32.8,32,31.2,
Colombia,COL,"Mortality rate, infant, female (per 1,000 live births)",SP.DYN.IMRT.FE.IN,86.1,83.4,80.9,78.5,76.2,74.1,72,70,68,65.9,63.7,61.5,59.3,57,54.7,52.2,49.7,47.1,44.5,42.1,39.7,37.4,35.4,33.5,31.9,30.4,29.1,28,27,26.2,25.4,24.6,23.9,23.1,22.4,21.7,20.9,20.2,19.6,19,18.4,17.9,17.4,17,16.5,16.1,15.7,15.2,14.8,14.3,13.9,13.5,13,12.6,12.2,11.9,11.5,11.1,10.8,10.5,
Comoros,COM,"Mortality rate, infant, female (per 1,000 live births)",SP.DYN.IMRT.FE.IN,,,,,,,,,,,141.1,138,135,132.3,129.4,126.5,123.5,120.3,117.1,113.6,110.2,106.9,103.4,100.1,96.8,93.7,90.7,87.9,85.3,82.8,80.4,78,75.7,73.5,71.7,70.2,68.8,67.7,66.9,66.3,65.9,65.6,65.5,65.1,64.5,63.5,62.3,60.9,59.4,57.9,56.4,54.8,53.3,51.9,50.4,49,47.7,46.4,45,43.7,
Cabo Verde,CPV,"Mortality rate, infant, female (per 1,000 live births)",SP.DYN.IMRT.FE.IN,113.6,112.2,110.9,109.4,107.8,105.9,103.8,101.2,98.4,95.3,91.8,88.1,84.2,80.3,76.4,72.7,69.2,66.1,63.4,61.3,59.7,58.5,57.6,56.7,55.5,53.8,51.5,49,46.5,44.2,42.5,41.5,41,40.9,40.8,40.2,38.9,36.8,34.1,31.1,28.3,25.8,23.9,22.6,21.8,21.4,21.2,21.1,20.9,20.6,20,19.2,18.3,17.3,16.1,15,14,13,12.2,11.5,
Costa Rica,CRI,"Mortality rate, infant, female (per 1,000 live births)",SP.DYN.IMRT.FE.IN,61.2,59.1,60.2,62.5,64.4,64.4,61.5,57.6,55.5,55.9,55.4,52.3,47.6,42.9,38.7,34.3,29.4,24.8,20.9,18.2,16.6,16.2,16.5,16.9,17.2,17.1,16.2,14.9,13.6,12.8,12.3,11.9,11.6,11.4,11.3,11.2,11.2,11.1,10.9,10.3,9.8,9.4,9.1,9,8.9,8.9,8.8,8.7,8.7,8.5,8.4,8.1,7.9,7.6,7.3,7.1,7,7,7,7,
Caribbean small states,CSS,"Mortality rate, infant, female (per 1,000 live births)",SP.DYN.IMRT.FE.IN,,,,,,,,,,,,,,,,,,,,,,,,,,,,,,,25.53458439,24.86242245,24.19033237,23.55703834,22.94977716,22.36489461,21.80693706,21.25415812,20.80207561,20.34865893,19.91529819,19.49344907,19.14915486,18.78954399,18.42374012,18.11065343,17.79197128,17.4754436,17.14652529,16.79685845,16.43759714,16.07426766,15.68317786,15.3275063,14.89772718,14.46755595,14.03421904,13.66245702,13.27394831,12.87381891,
Cuba,CUB,"Mortality rate, infant, female (per 1,000 live births)",SP.DYN.IMRT.FE.IN,42.6,40.9,39.3,37.8,36.3,35,33.5,32.1,30.7,29.2,27.6,26,24.6,23.4,22.2,21.1,19.9,18.8,17.8,16.8,15.9,15,14.2,13.4,12.7,12.1,11.4,10.9,10.3,9.8,9.3,8.9,8.4,8.1,7.7,7.3,7,6.7,6.4,6.2,6,5.7,5.6,5.4,5.2,5,4.8,4.7,4.5,4.4,4.3,4.1,4,3.9,3.8,3.7,3.6,3.6,3.5,3.4,
Curacao,CUW,"Mortality rate, infant, female (per 1,000 live births)",SP.DYN.IMRT.FE.IN,,,,,,,,,,,,,,,,,,,,,,,,,,,,,,,,,,,,,,,,,,,,,,,,,,,,,,,,,,,,,
Cayman Islands,CYM,"Mortality rate, infant, female (per 1,000 live births)",SP.DYN.IMRT.FE.IN,,,,,,,,,,,,,,,,,,,,,,,,,,,,,,,,,,,,,,,,,,,,,,,,,,,,,,,,,,,,,
Cyprus,CYP,"Mortality rate, infant, female (per 1,000 live births)",SP.DYN.IMRT.FE.IN,,,,,,,,,,,,31.6,29.2,27.1,24.9,22.5,20.2,18.3,16.7,15.7,15.1,14.6,14,12.9,11.8,10.7,9.8,9.2,9,9,8.9,8.7,8.5,8,7.6,7.1,6.7,6.3,5.9,5.5,5.2,4.9,4.6,4.3,4.1,3.8,3.5,3.3,3.1,2.9,2.7,2.5,2.4,2.3,2.1,2,1.9,1.8,1.8,1.7,
Czech Republic,CZE,"Mortality rate, infant, female (per 1,000 live births)",SP.DYN.IMRT.FE.IN,,,,,,,,,,,,,,,,,,,,,,11.5,11.2,10.9,10.7,10.5,10.2,9.9,9.6,9.2,8.9,8.5,8,7.5,6.8,6.2,5.6,5.1,4.6,4.3,4,3.8,3.6,3.4,3.3,3.1,2.9,2.8,2.6,2.5,2.4,2.3,2.2,2.2,2.2,2.2,2.2,2.2,2.2,2.2,
Germany,DEU,"Mortality rate, infant, female (per 1,000 live births)",SP.DYN.IMRT.FE.IN,,,,,,,,,20.2,19.6,19,18.4,17.7,16.9,16.1,15.2,14.3,13.3,12.5,11.6,10.9,10.2,9.6,9,8.5,8,7.6,7.1,6.7,6.4,6,5.7,5.4,5.1,4.9,4.6,4.4,4.3,4.1,4,3.9,3.8,3.7,3.7,3.6,3.5,3.4,3.3,3.3,3.2,3.1,3.1,3.1,3,3,3,3,3,3,2.9,
Djibouti,DJI,"Mortality rate, infant, female (per 1,000 live births)",SP.DYN.IMRT.FE.IN,,,,,,,,,,,,,,,,,121,117.8,114.6,111.5,108.5,105.7,103,100.1,97.4,94.8,92.4,90.1,88.1,86.2,84.5,83,81.8,80.8,79.9,79.2,78.3,77.4,76.4,75.2,73.7,72.2,70.6,68.8,67.2,65.4,63.6,61.9,60.3,58.6,56.9,55.4,53.8,52.3,50.8,49.4,48,46.5,45.3,44,
Dominica,DMA,"Mortality rate, infant, female (per 1,000 live births)",SP.DYN.IMRT.FE.IN,79.6,73.1,67.2,61.8,56.8,52.2,48,44.1,40.6,37.3,34.3,31.6,29.2,26.9,24.9,23.1,21.5,20,18.8,17.6,16.6,15.8,15,14.4,13.8,13.3,12.9,12.6,12.3,12.1,11.9,11.8,11.8,11.8,11.8,11.9,12,12.2,12.4,12.7,13,13.4,13.8,14.3,14.8,15.4,16.1,16.8,17.6,18.5,19.5,20.6,21.7,22.8,24,25.1,26.2,27.1,27.9,28.5,
Denmark,DNK,"Mortality rate, infant, female (per 1,000 live births)",SP.DYN.IMRT.FE.IN,18.1,17.6,17.1,16.5,15.8,15,14.1,13.3,12.7,12.2,11.6,11,10.4,9.7,9.1,8.6,8.1,7.7,7.4,7.2,7,6.9,6.8,6.7,6.7,6.8,6.9,6.9,6.8,6.7,6.4,6,5.7,5.3,5,4.8,4.6,4.4,4.3,4.2,4.2,4.1,4.1,4,3.8,3.7,3.5,3.4,3.2,3.1,3.1,3,3,3,3,3,3,3,2.9,2.8,
Dominican Republic,DOM,"Mortality rate, infant, female (per 1,000 live births)",SP.DYN.IMRT.FE.IN,97.5,96.8,95.8,94.5,93,91.4,89.7,88,86.2,84.4,82.4,80.3,78,75.5,72.9,70.3,67.8,65.4,63.1,60.9,58.9,56.9,55,53.2,51.5,49.9,48.4,46.9,45.4,44,42.5,41,39.5,38.1,36.7,35.3,34,32.8,31.7,30.8,29.9,29.2,28.6,28,27.6,27.1,26.8,26.4,26.1,25.8,25.5,25.2,24.9,24.5,24,23.5,22.9,22.3,21.7,21.2,
Algeria,DZA,"Mortality rate, infant, female (per 1,000 live births)",SP.DYN.IMRT.FE.IN,140,140.3,140.8,141.2,141.9,142.5,143,143.1,142.9,142,140.4,138.1,135.3,131.9,128,123.8,119.2,114.5,109.5,104.1,97.9,90.9,82.3,72.5,62.9,54.6,48.4,44.1,41.1,39.2,37.9,36.9,36.1,35.3,34.4,33.5,32.7,32,31.4,31.2,31,30.5,29.4,28.9,28,26.9,25.9,24.8,24,22.9,22.1,21.5,21.1,20.8,20.5,20.2,19.9,19.4,19,18.6,
East Asia & Pacific (excluding high income),EAP,"Mortality rate, infant, female (per 1,000 live births)",SP.DYN.IMRT.FE.IN,,,,,,,,,,,,,,,,,,,,,,,,,,,,,,,41.93526681,41.28648736,40.42617346,39.35690464,38.25960543,37.09664385,35.87993068,34.66673628,33.32725247,31.96421022,30.4656081,28.9109685,27.32365417,25.69403238,24.34895984,22.74925263,21.43707565,20.24552773,19.32978322,18.17804333,17.22941669,16.31425638,15.51574897,14.75374415,13.99694667,13.39204651,12.7434766,12.17622584,11.66227111,11.18177374,
Early-demographic dividend,EAR,"Mortality rate, infant, female (per 1,000 live births)",SP.DYN.IMRT.FE.IN,,,,,,,,,,,,,,,,,,,,,,,,,,,,,,,73.11131127,71.24677328,69.50656674,67.88027136,66.28564377,64.55335867,62.70714014,60.93119299,59.05748969,57.00617268,55.1765752,53.28042916,51.45049954,49.66344128,47.85166355,46.08072324,44.33262343,42.65374452,41.01716014,39.2149077,37.64570556,35.95323346,34.43537369,32.97398714,31.60663558,30.33959027,29.15322202,27.98872699,26.87665456,25.87937426,
East Asia & Pacific,EAS,"Mortality rate, infant, female (per 1,000 live births)",SP.DYN.IMRT.FE.IN,,,,,,,,,,,,,,,,,,,,,,,,,,,,,,,40,39.2,38.3,37.3,36.1,35,33.9,32.7,31.4,30.2,28.8,27.3,25.8,24.4,23.2,21.6,20.4,19.3,18.4,17.3,16.4,15.6,14.8,14.1,13.4,12.8,12.2,11.7,11.2,10.8,
Europe & Central Asia (excluding high income),ECA,"Mortality rate, infant, female (per 1,000 live births)",SP.DYN.IMRT.FE.IN,,,,,,,,,,,,,,,,,,,,,,,,,,,,,,,34.13588505,34.01400929,34.09815855,34.08742614,33.7965368,33.24813453,32.35753852,31.2702398,29.92524431,28.52702143,26.97936481,25.38624529,23.80985332,22.28411674,20.87259231,19.51354183,18.32778011,17.18255793,16.22061752,15.28385253,14.43732088,13.71644038,13.06753824,12.38373899,11.73696157,11.09641399,10.49112125,9.954460208,9.448295609,8.997669488,
Europe & Central Asia,ECS,"Mortality rate, infant, female (per 1,000 live births)",SP.DYN.IMRT.FE.IN,,,,,,,,,,,,,,,,,,,,,,,,,,,,,,,22.2,21.8,21.5,21.1,20.6,20,19.3,18.5,17.6,16.8,15.9,15,14.1,13.3,12.6,11.9,11.2,10.6,10.1,9.6,9.2,8.8,8.5,8.1,7.8,7.4,7.1,6.8,6.5,6.2,
Ecuador,ECU,"Mortality rate, infant, female (per 1,000 live births)",SP.DYN.IMRT.FE.IN,108.1,104.9,102.1,99.4,96.8,94.5,92.4,90.5,88.8,87.2,85.5,83.6,81.4,78.7,75.8,72.8,69.8,67,64.4,61.8,59.3,56.7,54,51.3,48.7,46.3,44.1,42.1,40.2,38.5,36.8,35.2,33.5,31.8,30.1,28.4,26.7,25.1,23.6,22.2,21,19.9,19,18.2,17.5,16.8,16.2,15.5,14.9,14.2,13.6,13,12.5,12.1,11.7,11.4,11.1,10.9,10.7,10.5,
"Egypt, Arab Rep.",EGY,"Mortality rate, infant, female (per 1,000 live births)",SP.DYN.IMRT.FE.IN,207.2,200.7,193.9,187.6,181.6,176.3,171.8,168.4,165.5,163.2,161.2,159,156.2,152.5,147.7,142.1,136,129.7,123.5,117.4,111.6,105.8,100,93.8,87.4,81.2,75.6,70.8,66.8,63.5,60.8,58.2,55.7,53.1,50.3,47.5,44.7,42,39.5,37.2,35.1,33.3,31.6,30.1,28.8,27.6,26.6,25.5,24.5,23.5,22.6,21.6,20.8,19.9,19.2,18.5,17.8,17.2,16.7,16.1,
Euro area,EMU,"Mortality rate, infant, female (per 1,000 live births)",SP.DYN.IMRT.FE.IN,,,,,,,,,,,,,,,,,,,,,,,,,,,,,,,6.945146711,6.643574453,6.347661038,5.998854361,5.655580411,5.31839182,5.04275888,4.810301787,4.618278851,4.433961573,4.294730828,4.12743022,3.985783272,3.871679739,3.708730374,3.588267125,3.47439804,3.363458479,3.296856597,3.23198148,3.158249126,3.102769701,3.026232543,2.972045195,2.956022498,2.919283298,2.911228825,2.886696547,2.875983415,2.860823657,
Eritrea,ERI,"Mortality rate, infant, female (per 1,000 live births)",SP.DYN.IMRT.FE.IN,,,,,,,,,,,,,,,112,109.7,107.5,105.4,103.5,101.9,100.3,99,97.6,96.2,94.7,92.9,91,88.9,86.6,83.9,81,77.6,73.9,70,66.1,62.3,58.7,55.5,52.7,50.2,47.9,45.9,44.1,42.4,40.8,39.4,38,36.7,35.5,34.4,33.4,32.4,31.5,30.6,29.8,29,28.2,27.4,26.7,26,
Spain,ESP,"Mortality rate, infant, female (per 1,000 live births)",SP.DYN.IMRT.FE.IN,,,,,,,,,,,,,,,17.6,16.2,15,13.9,12.8,11.8,10.8,10.1,9.5,8.9,8.5,8.1,7.7,7.5,7.2,6.9,6.7,6.3,6,5.7,5.3,5,4.7,4.5,4.3,4.1,4,3.9,3.8,3.7,3.6,3.5,3.3,3.2,3.1,3,2.9,2.8,2.7,2.6,2.6,2.5,2.5,2.4,2.4,2.4,
Estonia,EST,"Mortality rate, infant, female (per 1,000 live births)",SP.DYN.IMRT.FE.IN,,,,,,,,,,,,,,,,,,,,,15.4,14.8,14.3,13.8,13.3,13,12.8,12.6,12.4,12.2,12.1,12,11.9,11.7,11.3,10.8,10.2,9.5,8.9,8.2,7.6,7,6.5,5.9,5.4,5,4.6,4.2,3.8,3.5,3.2,3,2.8,2.6,2.4,2.2,2.1,1.9,1.8,1.7,
Ethiopia,ETH,"Mortality rate, infant, female (per 1,000 live births)",SP.DYN.IMRT.FE.IN,,,,,,,131.6,131.3,131.1,130.9,130.7,130.4,130.1,129.9,129.8,129.4,129.2,128.9,128.4,127.7,126.6,125.1,123.3,121.2,119.1,117.1,115.1,113.2,111.1,108.9,106.6,104.1,101.4,98.4,95.1,91.8,88.7,85.6,82.6,79.6,76.6,73.6,70.3,67,63.7,60.5,57.4,54.4,51.7,49.2,46.9,44.7,42.6,40.6,38.8,37.1,35.5,34,32.6,31.4,
European Union,EUU,"Mortality rate, infant, female (per 1,000 live births)",SP.DYN.IMRT.FE.IN,,,,,,,,,,,,,,,,,,,,,,,,,,,,,,,8.911525385,8.521472465,8.154815972,7.735265456,7.332898185,6.908423735,6.536683168,6.194667202,5.876402323,5.569252373,5.320403683,5.098418395,4.924989092,4.784049087,4.582759028,4.414679215,4.236374584,4.054868019,3.905292598,3.777188204,3.666343618,3.556502784,3.454186187,3.353237852,3.285282637,3.209910034,3.160380146,3.100257518,3.056817584,2.999712698,
Fragile and conflict affected situations,FCS,"Mortality rate, infant, female (per 1,000 live births)",SP.DYN.IMRT.FE.IN,,,,,,,,,,,,,,,,,,,,,,,,,,,,,,,93.38315964,92.50890011,91.65643638,90.74626615,89.74523811,88.60203046,87.26632325,85.70006509,83.87922925,82.03350165,80.03108421,77.94055246,75.8643522,73.72339688,71.63931309,69.59765035,67.65324843,65.77568002,64.23555978,62.42795004,61.27790656,59.55447481,58.26000375,57.11801243,56.0833215,55.08529592,54.14269806,53.07701835,51.93334155,50.73047031,
Finland,FIN,"Mortality rate, infant, female (per 1,000 live births)",SP.DYN.IMRT.FE.IN,19.1,18,17,16,15.2,14.4,13.7,13.1,12.6,12,11.5,11,10.4,9.9,9.4,8.8,8.3,7.7,7.2,6.7,6.3,6,5.8,5.6,5.5,5.4,5.3,5.3,5.2,5.1,5,4.8,4.5,4.3,4,3.8,3.6,3.5,3.4,3.3,3.2,3.1,3,2.9,2.8,2.8,2.7,2.6,2.4,2.3,2.2,2.1,2,2,1.9,1.8,1.8,1.8,1.8,1.8,
Fiji,FJI,"Mortality rate, infant, female (per 1,000 live births)",SP.DYN.IMRT.FE.IN,52.8,50.8,49.1,47.5,46,44.8,43.7,42.8,42,41.4,40.9,40.5,40.2,39.8,39.3,38.6,37.7,36.6,35.3,33.9,32.4,31,29.7,28.4,27.3,26.3,25.4,24.5,23.7,22.9,22.1,21.3,20.6,20,19.5,19.1,18.7,18.4,18.1,17.9,17.7,17.5,17.5,17.5,17.7,17.9,18.2,18.3,18.4,18.4,18.3,18.3,18.3,18.3,18.5,18.7,19,19.3,19.6,19.7,
France,FRA,"Mortality rate, infant, female (per 1,000 live births)",SP.DYN.IMRT.FE.IN,20.5,19.4,18.3,17.5,16.7,16,15.3,14.8,14.3,13.7,13.1,12.4,11.9,11.4,11,10.6,10.2,9.8,9.4,9.1,8.7,8.4,8.1,7.8,7.5,7.3,7.1,6.9,6.7,6.5,6.3,6,5.7,5.3,4.9,4.6,4.4,4.2,4.1,4,3.9,3.8,3.7,3.6,3.4,3.3,3.3,3.2,3.2,3.2,3.2,3.2,3.1,3.1,3.1,3.1,3.2,3.2,3.3,3.4,
Faroe Islands,FRO,"Mortality rate, infant, female (per 1,000 live births)",SP.DYN.IMRT.FE.IN,,,,,,,,,,,,,,,,,,,,,,,,,,,,,,,,,,,,,,,,,,,,,,,,,,,,,,,,,,,,,
"Micronesia, Fed. Sts.",FSM,"Mortality rate, infant, female (per 1,000 live births)",SP.DYN.IMRT.FE.IN,,,,,,,,,,,,,,,,,,,,,,39.5,40,40.4,40.7,40.7,40.4,39.9,39.4,38.9,38.5,38.2,38.1,38,38.1,38.3,38.5,38.5,38.1,37.6,37,36.4,35.7,34.8,34,33,32.1,31.1,30.2,29.5,28.7,27.8,27,26.3,25.5,24.7,24,23.3,22.5,21.8,
Gabon,GAB,"Mortality rate, infant, female (per 1,000 live births)",SP.DYN.IMRT.FE.IN,,,,,,,,,,,,,,,,,,,71.4,69.1,66.8,64.6,62.6,60.7,59,57.6,56.3,55.2,54.4,53.6,53,52.5,52,51.6,51.2,50.7,50.3,49.8,49.3,48.6,47.7,46.9,45.9,44.9,43.8,42.6,41.5,40.2,39,38,36.8,35.6,34.4,33.3,32.5,31.6,30.2,29.4,28.4,27.4,
United Kingdom,GBR,"Mortality rate, infant, female (per 1,000 live births)",SP.DYN.IMRT.FE.IN,20,19.6,19.1,18.7,18.1,17.6,17.1,16.7,16.3,16,15.6,15.3,14.9,14.5,13.9,13.4,12.8,12.3,11.7,11.1,10.6,10,9.4,9,8.7,8.4,8.2,7.9,7.6,7.3,6.9,6.4,6.1,5.8,5.5,5.4,5.3,5.2,5.1,5,5,4.9,4.8,4.8,4.7,4.6,4.5,4.4,4.3,4.1,4,3.8,3.7,3.6,3.5,3.4,3.4,3.4,3.4,3.3,
Georgia,GEO,"Mortality rate, infant, female (per 1,000 live births)",SP.DYN.IMRT.FE.IN,,,,,,,,,,,,,,,,51.8,50.1,48.5,46.9,45.3,43.7,42.2,40.8,39.6,38.5,37.7,37,36.6,36.3,36.1,35.9,35.7,35.4,35.1,34.7,34,33.2,32.2,31,29.5,27.9,26.1,24.1,22.2,20.2,18.2,16.5,14.8,13.3,12.1,11,10.1,9.4,8.9,8.5,8.2,8,7.8,7.6,7.5,
Ghana,GHA,"Mortality rate, infant, female (per 1,000 live births)",SP.DYN.IMRT.FE.IN,114.7,113.5,112.7,112,111.6,111.5,111.5,111.6,111.6,111.5,111.2,110.6,109.4,107.8,105.7,103.2,100.6,98,95.9,94.3,93.1,92.3,91.5,90.6,89.1,87,84.3,81.4,78.3,75.3,72.6,70.3,68.6,67.3,66.4,65.5,64.5,63.3,61.7,59.8,57.7,55.6,53.6,51.8,50.2,48.9,47.7,46.4,45,43.4,41.8,40.2,38.6,37.2,35.8,34.4,33.2,32.1,31,30,
Gibraltar,GIB,"Mortality rate, infant, female (per 1,000 live births)",SP.DYN.IMRT.FE.IN,,,,,,,,,,,,,,,,,,,,,,,,,,,,,,,,,,,,,,,,,,,,,,,,,,,,,,,,,,,,,
Guinea,GIN,"Mortality rate, infant, female (per 1,000 live births)",SP.DYN.IMRT.FE.IN,192.7,191.3,190,188.7,187,185.4,183.7,182,180.3,178.5,176.9,175.1,173.2,171.2,169.2,167,164.5,162.1,159.3,156.6,153.8,151.1,148.4,146,143.5,141.1,138.6,136,133.3,130.4,127.4,123.9,120.6,117,113.4,109.7,106,102.4,98.8,95.3,91.8,88.3,85,81.9,79,76.5,74.3,72.3,70.6,69,67.6,66.4,65.2,64.1,63.1,62.2,61,60,58.9,57.7,
"Gambia, The",GMB,"Mortality rate, infant, female (per 1,000 live births)",SP.DYN.IMRT.FE.IN,140.4,138.2,135.9,133.7,131.6,129.3,127.1,124.9,122.8,120.6,118.4,116.2,113.9,111.6,109.3,107,104.7,102.5,100.2,98,95.9,93.7,91.5,89.2,86.9,84.5,82.2,80,77.8,75.7,73.7,71.7,69.9,68,66,64.1,62.2,60.4,58.5,56.7,55,53.3,51.7,50,48.4,46.9,45.5,44.1,42.8,41.5,40.4,39.2,38.2,37.1,36.1,35.1,34.2,33.3,32.5,31.7,
Guinea-Bissau,GNB,"Mortality rate, infant, female (per 1,000 live births)",SP.DYN.IMRT.FE.IN,,,,,,,,,,,,,,,,,,,,,,,,,,132.1,129.6,127.2,124.9,122.6,120.4,118,115.6,113.2,110.8,108.3,105.8,103.2,100.6,98,95.3,92.4,89.5,86.4,83.2,80,76.8,73.7,70.6,67.5,64.5,61.7,59.1,56.9,54.7,52.9,51.3,49.6,48.2,46.7,
Equatorial Guinea,GNQ,"Mortality rate, infant, female (per 1,000 live births)",SP.DYN.IMRT.FE.IN,,,,,,,,,,,,,,,,,,,,,,,122.9,120.9,118.6,116.6,115,113.7,112.7,111.8,111.1,110.4,109.7,109,108.3,107.4,106.3,105,103.2,101.1,98.8,96.3,93.7,91.1,88.4,85.6,82.8,80,77.3,74.6,72.1,69.9,67.7,65.7,63.7,61.7,59.8,58.1,56.4,54.7,
Greece,GRC,"Mortality rate, infant, female (per 1,000 live births)",SP.DYN.IMRT.FE.IN,38.2,37.3,36.1,34.6,33,32,31.2,30.2,28.7,26.7,24.7,23,22,21.6,21.4,20.7,19.6,18.4,17.4,16.3,15.2,14.1,13.2,12.6,12.1,11.5,10.8,10.1,9.4,8.8,8.3,7.9,7.6,7.3,7.1,6.8,6.5,6.2,5.9,5.5,5.2,4.8,4.5,4.2,4,3.7,3.5,3.3,3.2,3.2,3.2,3.2,3.2,3.4,3.5,3.6,3.5,3.4,3.2,3,
Grenada,GRD,"Mortality rate, infant, female (per 1,000 live births)",SP.DYN.IMRT.FE.IN,64.4,59.6,54.9,50.6,47,44.1,42,40.4,39.2,38.2,37.4,36.5,35.6,34.7,33.7,32.7,31.6,30.4,29.2,28,26.7,25.5,24.2,23.1,22,20.9,19.9,19,18.2,17.4,16.6,15.8,15.1,14.4,13.9,13.4,13,12.6,12.4,12.2,12,11.8,11.7,11.6,11.6,11.5,11.5,11.6,11.7,11.9,12,12.2,12.5,12.7,12.9,13.1,13.3,13.5,13.5,13.5,
Greenland,GRL,"Mortality rate, infant, female (per 1,000 live births)",SP.DYN.IMRT.FE.IN,,,,,,,,,,,,,,,,,,,,,,,,,,,,,,,,,,,,,,,,,,,,,,,,,,,,,,,,,,,,,
Guatemala,GTM,"Mortality rate, infant, female (per 1,000 live births)",SP.DYN.IMRT.FE.IN,137.3,134.1,131.1,128.1,125.2,122.2,119.2,116.2,113.2,110.2,107.2,104.3,101.3,98.2,95.2,92.2,89.2,86.2,83.4,80.6,78,75.3,72.7,70.1,67.6,65,62.5,60,57.6,55.3,53.1,51,49.1,47.3,45.5,43.8,42.1,40.6,39.2,37.8,36.4,35.2,33.9,32.7,31.6,30.5,29.4,28.4,27.3,26.3,25.3,24.4,23.5,22.6,21.8,21,20.2,19.5,18.9,18.3,
Guam,GUM,"Mortality rate, infant, female (per 1,000 live births)",SP.DYN.IMRT.FE.IN,,,,,,,,,,,,,,,,,,,,,,,,,,,,,,,,,,,,,,,,,,,,,,,,,,,,,,,,,,,,,
Guyana,GUY,"Mortality rate, infant, female (per 1,000 live births)",SP.DYN.IMRT.FE.IN,58.5,56.2,54.4,52.8,51.5,50.5,49.6,49,48.6,48.2,48,47.9,47.9,47.8,47.6,47.4,47.2,47,46.7,46.4,46,45.6,45.3,44.9,44.4,43.9,43.3,42.6,41.9,41.1,40.2,39.2,38.3,37.3,36.4,35.6,34.8,34,33.4,32.7,32,31.4,30.7,30.1,29.5,28.9,28.4,27.9,27.4,26.9,26.4,25.9,25.5,25,24.4,23.8,23.1,22.5,21.8,21.1,
High income,HIC,"Mortality rate, infant, female (per 1,000 live births)",SP.DYN.IMRT.FE.IN,,,,,,,,,,,,,,,,,,,,,,,,,,,,,,,9.6,9.1,8.7,8.3,7.9,7.5,7.2,6.9,6.6,6.4,6.2,6,5.8,5.7,5.5,5.4,5.2,5.1,5,4.8,4.7,4.6,4.4,4.3,4.3,4.2,4.1,4,4,3.9,
"Hong Kong SAR, China",HKG,"Mortality rate, infant, female (per 1,000 live births)",SP.DYN.IMRT.FE.IN,,,,,,,,,,,,,,,,,,,,,,,,,,,,,,,,,,,,,,,,,,,,,,,,,,,,,,,,,,,,,
Honduras,HND,"Mortality rate, infant, female (per 1,000 live births)",SP.DYN.IMRT.FE.IN,127.5,123.4,119.4,115.6,112,108.2,104.7,101.3,97.8,94.5,91.1,87.8,84.6,81.5,78.3,75.3,72.4,69.6,66.7,64,61.4,58.9,56.4,54,51.7,49.6,47.5,45.6,43.6,41.8,40.1,38.5,37,35.5,34.1,32.8,31.6,30.4,32.6,28,26.9,25.8,24.6,23.6,22.6,21.6,20.7,19.8,19,18.2,17.5,16.8,16.2,15.6,15.1,14.6,14.1,13.6,13.2,12.8,
Heavily indebted poor countries (HIPC),HPC,"Mortality rate, infant, female (per 1,000 live births)",SP.DYN.IMRT.FE.IN,,,,,,,,,,,,,,,,,,,,,,,,,,,,,,,100.0359113,98.48177822,96.94537938,95.35275578,93.85865699,92.03145153,90.08129634,88.12843201,86.032322,83.54819119,80.95029361,78.1839567,75.28770693,72.42248917,69.62635197,66.98839918,64.57316186,62.20458306,60.02488214,57.96794051,56.39605389,54.18614352,52.35532606,50.71003181,49.14626864,47.66913181,46.23335989,44.83569109,43.52696584,42.27144433,
Croatia,HRV,"Mortality rate, infant, female (per 1,000 live births)",SP.DYN.IMRT.FE.IN,,,,,,,,,,,,,,,,,,,,,,17.8,16.7,15.7,14.7,13.7,12.8,11.9,11.1,10.4,9.7,9.2,8.7,8.3,7.9,7.6,7.4,7.1,6.9,6.7,6.5,6.2,6,5.8,5.5,5.3,5,4.8,4.6,4.4,4.3,4.1,4,3.9,3.9,3.8,3.8,3.8,3.7,3.7,
Haiti,HTI,"Mortality rate, infant, female (per 1,000 live births)",SP.DYN.IMRT.FE.IN,176,173.1,170.6,167.9,165.2,162.6,159.9,157,154.1,151.2,148.2,145.3,142.2,138.9,135.7,132.7,129.6,126.4,123.4,120.4,117.4,114.5,111.7,108.9,106.2,103.6,101,98.6,96.2,93.9,91.5,89,86.6,84.2,81.8,79.2,76.7,74.3,71.9,69.6,67.3,65.2,63.3,61.7,60.2,58.8,57.6,56.4,55.2,54.1,79.5,52,51,49.9,48.8,47.7,46.6,45.5,44.4,43.2,
Hungary,HUN,"Mortality rate, infant, female (per 1,000 live births)",SP.DYN.IMRT.FE.IN,42.3,40.5,39.1,37.8,36.6,35.5,34.6,33.7,32.8,32,31.1,30.5,30.4,30.9,30.8,28.8,25.8,23.2,21.4,20.1,18.8,17.8,17.3,17.3,17.5,17.1,16.3,15.4,14.6,13.9,13.5,13,12.3,11.3,10.3,9.6,9.2,8.9,8.6,8.3,7.8,7.4,6.9,6.5,6.1,5.9,5.6,5.3,5,4.8,4.7,4.5,4.4,4.3,4.2,3.9,3.6,3.3,3,2.8,
IBRD only,IBD,"Mortality rate, infant, female (per 1,000 live births)",SP.DYN.IMRT.FE.IN,,,,,,,,,,,,,,,,,,,,,,,,,,,,,,,54.36815918,53.40788628,52.45226966,51.45330683,50.39064558,49.21720862,47.89501388,46.58805599,45.14110651,43.59320359,42.13660756,40.59118477,39.05008301,37.4887507,35.88362148,34.2959671,32.70491414,31.18496057,29.6732419,28.14114381,26.67164355,25.27239171,23.99002525,22.75251278,21.60157893,20.58247675,19.67526826,18.7177846,17.89458181,17.16102125,
IDA & IBRD total,IBT,"Mortality rate, infant, female (per 1,000 live births)",SP.DYN.IMRT.FE.IN,,,,,,,,,,,,,,,,,,,,,,,,,,,,,,,65.79817426,65.00031979,64.22324901,63.38766215,62.47907783,61.38542705,60.11293627,58.79369291,57.3056109,55.66428699,54.04504764,52.30510422,50.54874763,48.76588099,46.97861296,45.2253952,43.53807411,41.92880521,40.40629965,38.85687739,37.49639236,36.07914055,34.82403057,33.64552277,32.5498589,31.56194264,30.63827713,29.70418419,28.83589461,28.03588505,
IDA total,IDA,"Mortality rate, infant, female (per 1,000 live births)",SP.DYN.IMRT.FE.IN,,,,,,,,,,,,,,,,,,,,,,,,,,,,,,,95.15516882,93.72575355,92.32473992,90.86732315,89.39366715,87.67628422,85.82790431,83.88812795,81.78323447,79.47829217,77.11560922,74.62545205,72.12892543,69.63588732,67.24332784,64.93768349,62.83740598,60.83644427,59.06380632,57.25105446,55.83779668,54.14638761,52.69044753,51.36043558,50.10259436,48.9074405,47.6936916,46.5234609,45.30787493,44.12652961,
IDA blend,IDB,"Mortality rate, infant, female (per 1,000 live births)",SP.DYN.IMRT.FE.IN,,,,,,,,,,,,,,,,,,,,,,,,,,,,,,,94.52996781,93.96479263,93.39257896,92.71669467,91.84940073,90.77088675,89.47503147,87.82275861,85.91530872,83.93402215,81.91451299,79.76231402,77.70589055,75.56623858,73.54571493,71.51948104,69.68614899,68.04354322,66.45870355,65.08435748,63.75542369,62.54676699,61.34890494,60.16584751,59.08318614,58.01243023,56.88150425,55.78842753,54.45155085,53.14549639,
Indonesia,IDN,"Mortality rate, infant, female (per 1,000 live births)",SP.DYN.IMRT.FE.IN,133.6,130.3,127.1,123.9,120.7,117.3,113.9,110.5,107.1,103.8,100.5,97.4,94.5,91.6,88.9,86.3,83.9,81.6,79.5,77.4,75.5,73.5,71.6,69.6,67.7,65.7,63.6,61.6,59.5,57.4,55.2,53.1,50.9,48.9,47,45.1,43.3,41.6,40,38.4,36.8,35.3,33.9,32.6,32.5,30.1,29,27.9,26.9,25.9,24.9,24,23.1,22.3,21.4,20.6,19.9,19.2,18.5,17.9,
IDA only,IDX,"Mortality rate, infant, female (per 1,000 live births)",SP.DYN.IMRT.FE.IN,,,,,,,,,,,,,,,,,,,,,,,,,,,,,,,95.46881638,93.60573758,91.78873415,89.93993293,88.16403433,86.12950699,84.00839426,81.92871155,79.72855829,77.26483947,74.7322909,72.07275987,69.35357675,66.67820279,64.09091815,61.63350035,59.38421344,57.18481562,55.29772762,53.24110228,51.7647464,49.80578397,48.19946829,46.77949443,45.4208096,44.1560829,42.89994598,41.6952699,40.55257409,39.4487012,
Isle of Man,IMN,"Mortality rate, infant, female (per 1,000 live births)",SP.DYN.IMRT.FE.IN,,,,,,,,,,,,,,,,,,,,,,,,,,,,,,,,,,,,,,,,,,,,,,,,,,,,,,,,,,,,,
India,IND,"Mortality rate, infant, female (per 1,000 live births)",SP.DYN.IMRT.FE.IN,156.5,154.3,152.3,150.3,148.5,146.7,144.9,143.3,141.7,140.1,138.5,136.7,134.8,132.7,130,127.2,124,120.7,117.5,114.3,111.1,108,105.1,102.4,99.9,97.6,95.5,93.4,91,88.7,86.5,84.4,82.5,80.8,79.1,77.3,75.3,73.4,71.3,68.9,67,64.9,62.9,60.9,58.5,56.6,54.4,52.4,50.3,48.1,45.9,43.7,41.5,39.3,37.2,35.2,33.3,31.4,29.7,28.2,
Not classified,INX,"Mortality rate, infant, female (per 1,000 live births)",SP.DYN.IMRT.FE.IN,,,,,,,,,,,,,,,,,,,,,,,,,,,,,,,,,,,,,,,,,,,,,,,,,,,,,,,,,,,,,
Ireland,IRL,"Mortality rate, infant, female (per 1,000 live births)",SP.DYN.IMRT.FE.IN,26.5,25.5,24.6,23.7,22.8,21.8,20.6,19.4,18.3,17.5,16.9,16.4,16.1,15.8,15.5,15,14.3,13.5,12.6,11.6,10.6,9.8,9.2,8.7,8.3,8,7.7,7.5,7.4,7.1,6.8,6.4,6,5.7,5.5,5.5,5.5,5.5,5.5,5.5,5.4,5.2,4.9,4.6,4.3,4,3.7,3.5,3.4,3.3,3.2,3.2,3.1,3,3,2.9,2.8,2.8,2.7,2.6,
"Iran, Islamic Rep.",IRN,"Mortality rate, infant, female (per 1,000 live births)",SP.DYN.IMRT.FE.IN,,,,,,,,,,,,122.9,117.6,112.5,107.4,102.1,96.8,91.2,85.5,79.9,74.5,69.6,65.2,61.3,57.8,54.8,52,49.4,46.9,44.6,42.4,40.5,38.7,37.2,35.7,34.3,32.9,31.5,30,28.6,27.2,25.7,24.4,23.1,22,20.8,19.7,18.7,17.7,16.8,16,15.3,14.7,14.1,13.6,13.1,12.6,12.2,11.8,11.3,
Iraq,IRQ,"Mortality rate, infant, female (per 1,000 live births)",SP.DYN.IMRT.FE.IN,121.3,114.8,108.8,103.4,98.3,93.6,89.2,85.2,81.4,77.9,74.5,71.4,68.5,65.6,62.9,60.4,57.9,55.7,53.6,51.7,49.9,48.3,46.8,45.4,44.1,42.9,41.8,40.8,39.9,39.1,38.3,37.6,37,36.4,35.8,35.2,34.5,33.9,33.3,32.7,32.1,31.5,30.9,30.4,29.8,29.2,28.6,27.9,27.2,26.5,25.8,25,24.3,23.6,22.8,22.2,21.5,20.8,20.2,19.6,
Iceland,ISL,"Mortality rate, infant, female (per 1,000 live births)",SP.DYN.IMRT.FE.IN,15.3,15,14.7,14.4,14.1,13.6,13.2,12.7,12.2,11.8,11.3,10.9,10.5,10.1,9.6,9.1,8.7,8.2,7.8,7.3,6.9,6.6,6.3,6,5.8,5.5,5.3,5.2,5,4.9,4.7,4.5,4.4,4.2,4,3.8,3.6,3.4,3.3,3.1,2.9,2.8,2.6,2.5,2.4,2.3,2.2,2.1,2,2,1.9,1.8,1.8,1.7,1.7,1.6,1.6,1.5,1.5,1.4,
Israel,ISR,"Mortality rate, infant, female (per 1,000 live births)",SP.DYN.IMRT.FE.IN,33.1,31.1,29.4,27.9,26.5,25.4,24.6,23.9,23.2,22.6,22.1,21.7,21.3,20.9,20.3,19.5,18.4,17.1,15.9,14.9,14.1,13.6,13.1,12.5,11.9,11.3,10.7,10.2,9.8,9.4,9,8.6,8.1,7.6,7.1,6.6,6.2,5.9,5.7,5.4,5.2,5,4.8,4.6,4.4,4.2,4,3.8,3.7,3.5,3.4,3.3,3.2,3.1,3,2.9,2.9,2.8,2.8,2.7,
Italy,ITA,"Mortality rate, infant, female (per 1,000 live births)",SP.DYN.IMRT.FE.IN,40.2,38.6,36.9,35.2,33.6,31.9,30.6,29.5,28.5,27.5,26.3,25,23.3,21.5,19.8,18.1,16.6,15.2,14.2,13.3,12.5,11.9,11.2,10.6,9.9,9.4,8.9,8.4,8.1,7.8,7.5,7.2,6.9,6.5,6.2,5.8,5.5,5.1,4.9,4.6,4.4,4.1,3.9,3.8,3.6,3.5,3.4,3.3,3.2,3.2,3.1,3,2.9,2.8,2.8,2.7,2.6,2.6,2.5,2.5,
Jamaica,JAM,"Mortality rate, infant, female (per 1,000 live births)",SP.DYN.IMRT.FE.IN,55.8,53.7,51.7,49.9,48.3,46.8,45.4,44,42.6,41.3,39.9,38.6,37.2,35.9,34.8,33.7,32.7,31.8,30.9,30.1,29.2,28.4,27.7,26.9,26.2,25.5,24.9,24.2,23.5,22.9,22.2,21.6,20.9,20.3,19.7,19.1,18.5,17.9,17.4,16.9,16.4,15.9,15.6,15.3,15,14.8,14.6,14.4,14.2,13.9,13.6,13.3,12.9,12.6,12.2,11.8,11.4,11.1,10.8,10.5,
Jordan,JOR,"Mortality rate, infant, female (per 1,000 live births)",SP.DYN.IMRT.FE.IN,105.8,100.2,94.9,90,85.5,81.3,77.5,73.9,70.5,67.3,64.4,61.6,59,56.5,54.2,51.9,49.7,47.7,45.6,43.6,41.8,40,38.3,36.6,35.1,33.6,32.2,31,29.8,28.6,27.7,26.8,25.9,25.1,24.4,23.7,23.1,22.5,21.9,21.3,20.7,20.1,19.6,19,18.5,18,17.5,17,16.5,16.1,15.6,15.2,14.8,14.4,14.1,13.7,13.3,12.9,12.5,12.2,
Japan,JPN,"Mortality rate, infant, female (per 1,000 live births)",SP.DYN.IMRT.FE.IN,27.4,24.9,22.8,20.6,18.6,16.8,15.4,14.2,13.2,12.4,11.6,11,10.3,9.8,9.2,8.7,8.2,7.8,7.3,6.9,6.5,6.2,5.9,5.5,5.2,5,4.8,4.6,4.4,4.3,4.2,4.2,4.1,4,3.9,3.8,3.6,3.5,3.3,3.2,3,2.9,2.8,2.7,2.6,2.6,2.5,2.4,2.3,2.3,2.2,2.2,2.1,2,2,1.9,1.9,1.8,1.8,1.7,
Kazakhstan,KAZ,"Mortality rate, infant, female (per 1,000 live births)",SP.DYN.IMRT.FE.IN,,,,,,,,,,,,60.8,59.3,58.1,56.8,55.8,55,54.2,53.3,52.3,51.1,49.7,48.2,46.6,45.2,43.7,42.3,41,39.8,38.9,38.3,38.2,38.3,38.7,38.9,38.8,38.1,36.7,35,33.2,31.5,29.7,28,26.5,25,23.5,22,20.4,18.8,17.2,15.6,14,12.6,11.2,10,9.1,8.5,8.1,8,8.1,
Kenya,KEN,"Mortality rate, infant, female (per 1,000 live births)",SP.DYN.IMRT.FE.IN,111.4,107.1,103.4,100.1,97.5,95.4,93.6,92,90.3,88.7,87,85.2,83.2,81.3,79.1,76.9,74.6,72.2,69.8,67.5,65.4,63.4,61.5,60,58.7,57.7,57.3,57.2,57.6,58.5,59.6,60.7,61.7,62.2,62.3,61.9,60.8,59.5,58,56.3,54.4,52.4,50.3,48.1,45.9,43.5,41.3,39.5,37.3,36.3,35.5,34.7,34.4,33.7,32.8,31.7,30.9,30.5,29.4,28.5,
Kyrgyz Republic,KGZ,"Mortality rate, infant, female (per 1,000 live births)",SP.DYN.IMRT.FE.IN,,,,,,,,,,,,,,,,81.2,79.4,77.7,76,74.1,72,69.6,67.1,64.4,61.5,58.7,55.8,53.3,51.1,49.5,48.6,48.4,48.6,48.5,47.9,46.8,45.2,43.3,41.4,39.6,37.8,36.1,34.5,33,31.6,30.3,29.1,27.8,26.3,24.7,23.1,21.7,20.5,19.4,18.5,17.6,16.7,15.9,15.1,14.5,
Cambodia,KHM,"Mortality rate, infant, female (per 1,000 live births)",SP.DYN.IMRT.FE.IN,,,,,,,,,,,,,,,,162.4,151.9,141.6,130.2,118,106.3,95.9,87.9,82.8,79.8,78.2,77.2,76.6,76.3,76.2,76.3,76.3,76.5,76.9,77.6,78.2,78.5,78.4,77.4,75.2,71.4,66.1,60.3,55.2,50.8,47.1,44,41.2,38.4,35.7,33.1,30.7,28.4,26.7,25.1,23.9,22.7,21.7,20.8,20,
Kiribati,KIR,"Mortality rate, infant, female (per 1,000 live births)",SP.DYN.IMRT.FE.IN,,,,112.3,108.2,104.4,100.7,97.3,94.2,91.3,88.5,86.1,84.2,82.5,81.3,80.2,79.5,78.8,78.4,78.1,77.8,77.3,76.8,76.1,75,73.6,71.8,69.7,67.3,64.9,62.4,60.2,58.4,56.8,55.4,54.1,53,51.8,50.6,49.3,48.1,46.9,46,45.4,45.1,45,45.1,45.1,45.1,44.8,44.3,43.6,42.7,41.9,40.9,39.9,38.9,38,36.9,35.9,
St. Kitts and Nevis,KNA,"Mortality rate, infant, female (per 1,000 live births)",SP.DYN.IMRT.FE.IN,,,,,,,,,,,,,52.1,50,48,46.3,44.6,43,41.4,39.7,37.8,35.9,33.7,31.7,29.8,28.1,26.6,25.3,24.2,23.4,22.7,22.2,21.8,21.5,21.1,20.7,20.3,19.8,19.2,18.5,17.7,16.9,16.1,15.4,14.7,14.2,13.8,13.5,13.3,13.2,13.1,13,13,12.9,12.8,12.6,12.4,12.1,11.8,11.5,
"Korea, Rep.",KOR,"Mortality rate, infant, female (per 1,000 live births)",SP.DYN.IMRT.FE.IN,74.4,71,67.9,65.1,62.1,59.1,56,52.8,49.6,46.4,43.5,40.8,38.5,36.5,34.9,33.5,32.2,31,29.7,28.3,26.8,25.2,23.6,21.9,20.3,18.7,17.1,15.6,14.3,13.1,12.1,11.1,10.3,9.5,8.8,8.2,7.6,7.1,6.7,6.3,6,5.7,5.4,5.1,4.8,4.4,4.1,3.8,3.6,3.4,3.3,3.1,3,2.9,2.8,2.8,2.7,2.6,2.5,2.5,
Kuwait,KWT,"Mortality rate, infant, female (per 1,000 live births)",SP.DYN.IMRT.FE.IN,93.2,87.3,81.8,76.7,71.7,67.1,62.8,59,55.5,52.4,49.6,47,44.6,42.2,40,37.8,35.6,33.6,31.5,29.4,27.4,25.2,23,21,19.3,18,16.9,16,15.3,14.5,13.8,13.7,12.5,12,11.6,11.3,11,10.6,10.3,10,9.7,9.6,9.4,9.3,9.1,9,8.9,8.7,8.6,8.4,8.1,7.8,7.5,7.2,7,6.8,6.6,6.4,6.3,6.1,
Latin America & Caribbean (excluding high income),LAC,"Mortality rate, infant, female (per 1,000 live births)",SP.DYN.IMRT.FE.IN,,,,,,,,,,,,,,,,,,,,,,,,,,,,,,,39.73740846,38.19327725,36.66379501,35.09598937,33.5108031,31.93218224,30.36823573,28.90301664,27.58137091,26.21558038,24.89455952,23.7155341,22.61679442,21.59451566,20.60403188,19.68245334,18.88134262,18.09059777,17.41714576,16.7795091,16.91786651,15.66858566,15.17690336,14.7093332,14.24679625,13.89102731,13.98685214,13.29955207,12.88318161,12.52002078,
Lao PDR,LAO,"Mortality rate, infant, female (per 1,000 live births)",SP.DYN.IMRT.FE.IN,,,,,,,,,,,,,,,,,,,134,130.5,127,123.7,120.4,117.2,114.1,111,108,105.1,102.1,99.1,96,92.9,89.8,86.8,84,81.2,78.5,75.8,73.2,70.7,68.2,65.7,63.2,60.8,58.6,56.3,54.1,51.9,49.8,47.7,45.8,43.9,42.1,40.4,38.7,37.2,35.7,34.4,33.2,32.1,
Lebanon,LBN,"Mortality rate, infant, female (per 1,000 live births)",SP.DYN.IMRT.FE.IN,54.2,52.8,51.5,50.3,49.3,48.4,47.5,46.8,46.1,45.6,45.1,44.7,44.1,43.6,43,42.4,41.6,40.8,39.9,38.9,37.8,36.7,35.5,34.2,32.9,31.6,30.4,29.1,27.9,26.7,25.5,24.5,23.4,22.4,21.5,20.6,19.7,18.8,17.9,17.1,16.2,15.3,14.3,13.4,12.5,11.6,10.7,10,9.4,8.8,8.4,8,7.7,7.4,7.1,6.8,6.5,6.3,6.1,5.9,
Liberia,LBR,"Mortality rate, infant, female (per 1,000 live births)",SP.DYN.IMRT.FE.IN,191.2,191.3,191,190.2,188.9,187.2,185.3,182.7,180,177.1,173.9,170.9,168.1,165.5,162.7,159.9,157.4,155,152.7,150.4,148.4,146.7,145.4,144.6,144.8,146.1,148.4,151.8,155.6,159.1,161.9,163.2,162.9,160.8,157.1,152,146.1,139.4,132.5,125,117.2,109.6,102.2,95.1,88.4,82.6,77.7,73.8,70.5,67.9,65.8,64.2,62.9,61.7,61.2,59.9,59,58.2,57.4,56.3,
Libya,LBY,"Mortality rate, infant, female (per 1,000 live births)",SP.DYN.IMRT.FE.IN,152.3,144.5,137.1,129.9,123,116.4,110.1,104,98.3,92.9,87.8,83,78.4,74.1,70,66.1,62.7,59.5,56.7,54,51.6,49.4,47.2,45.1,43.1,41.2,39.2,37.3,35.5,33.7,32,30.4,28.9,27.6,26.4,25.3,24.4,23.5,22.8,22.1,21.4,20.8,20.1,19.4,18.5,17.5,16.4,15.3,14.2,13.3,12.6,12.3,11.4,11,10.5,10.1,9.7,9.4,9.1,8.8,
St. Lucia,LCA,"Mortality rate, infant, female (per 1,000 live births)",SP.DYN.IMRT.FE.IN,108.5,103.7,98,91.9,85.5,79,72.7,66.5,60.8,55.4,50.5,46,42,38.4,35.2,32.4,29.9,27.8,25.9,24.4,23,21.8,20.8,19.9,19.1,18.4,17.8,17.3,16.8,16.4,16,15.7,15.4,15.1,14.9,14.7,14.5,14.4,14.3,14.2,14.2,14.2,14.2,14.3,14.4,14.5,14.7,14.8,15,15.2,15.5,15.7,16,16.3,16.5,16.9,17.2,17.5,17.8,18.2,
Latin America & Caribbean,LCN,"Mortality rate, infant, female (per 1,000 live births)",SP.DYN.IMRT.FE.IN,,,,,,,,,,,,,,,,,,,,,,,,,,,,,,,38.8,37.3,35.8,34.3,32.7,31.2,29.7,28.3,27,25.7,24.4,23.3,22.2,21.2,20.2,19.4,18.5,17.8,17.1,16.5,16.6,15.4,14.9,14.5,14,13.7,13.8,13.1,12.7,12.3,
Least developed countries: UN classification,LDC,"Mortality rate, infant, female (per 1,000 live births)",SP.DYN.IMRT.FE.IN,,,,,,,,,,,,,,,,,,,,,,,,,,,,,,,99.78825894,97.83616023,95.91662669,93.97435913,92.12265629,90.00861745,87.80881394,85.65981531,83.35208904,80.83729982,78.20128567,75.43409018,72.59235495,69.78393006,67.04899535,64.44307069,62.02275386,59.6565073,57.61174002,55.37767627,53.75547725,51.60223928,49.82736877,48.25872457,46.7774583,45.41333858,44.06028141,42.77502515,41.56696362,40.42721096,
Low income,LIC,"Mortality rate, infant, female (per 1,000 live births)",SP.DYN.IMRT.FE.IN,,,,,,,,,,,,,,,,,,,,,,,,,,,,,,,101.1,99.5,98,96.4,94.8,92.9,90.8,88.7,86.4,83.8,81.1,78.3,75.4,72.6,69.8,67.2,64.7,62.4,60.2,58.1,56.7,54.4,52.6,51.1,49.6,48.2,46.8,45.6,44.3,43.2,
Liechtenstein,LIE,"Mortality rate, infant, female (per 1,000 live births)",SP.DYN.IMRT.FE.IN,,,,,,,,,,,,,,,,,,,,,,,,,,,,,,,,,,,,,,,,,,,,,,,,,,,,,,,,,,,,,
Sri Lanka,LKA,"Mortality rate, infant, female (per 1,000 live births)",SP.DYN.IMRT.FE.IN,62.3,60,58.2,56.6,55.4,54.2,52.6,50.9,49.6,48.6,47.9,47.4,47,46.4,45.6,44.4,42.7,40.6,38.2,35.8,33.5,31.4,29.4,27.5,25.1,22.8,20.6,18.8,17.7,17.1,16.8,16.6,16.4,16.2,15.9,15.4,14.9,14.4,13.9,13.4,12.8,12.4,12,11.7,14.1,11,10.5,10,9.6,9.3,9,8.6,8.2,7.7,7.2,6.7,6.3,6,5.7,5.5,
Lower middle income,LMC,"Mortality rate, infant, female (per 1,000 live births)",SP.DYN.IMRT.FE.IN,,,,,,,,,,,,,,,,,,,,,,,,,,,,,,,81,79.4,78,76.6,75.2,73.8,72.2,70.6,68.8,66.7,64.9,62.9,60.9,59,56.9,55,53.1,51.4,49.7,47.9,46.2,44.6,43,41.6,40.2,38.9,37.7,36.4,35.2,34.1,
Low & middle income,LMY,"Mortality rate, infant, female (per 1,000 live births)",SP.DYN.IMRT.FE.IN,,,,,,,,,,,,,,,,,,,,,,,,,,,,,,,66.1389415,65.33911666,64.56177139,63.72629878,62.81702201,61.72024275,60.43999727,59.10697705,57.6000577,55.93589873,54.29204423,52.52815862,50.75179042,48.95421661,47.15903275,45.40193044,43.71364993,42.10313159,40.57705631,39.0211881,37.65195068,36.22418785,34.95841539,33.77153104,32.66850611,31.67427208,30.74526905,29.80609837,28.93303671,28.12869423,
Lesotho,LSO,"Mortality rate, infant, female (per 1,000 live births)",SP.DYN.IMRT.FE.IN,130.2,129.8,130.1,130.7,131.4,131.8,131.6,131,129.6,127.6,125.2,122.4,119.6,116.8,113.5,109.6,105.5,101.2,96.7,92.3,87.8,83.5,79.6,75.9,72.7,69.8,67.4,65.3,63.7,62.4,61.6,61.1,61.3,61.7,62.5,63.2,63.8,64.8,65.7,66.7,67.8,68.7,68.8,69,69.1,69.1,69.7,68.5,70.5,67.9,66.2,64.5,64.9,64.8,64.3,64.7,65,64.5,62.1,61.1,
Late-demographic dividend,LTE,"Mortality rate, infant, female (per 1,000 live births)",SP.DYN.IMRT.FE.IN,,,,,,,,,,,,,,,,,,,,,,,,,,,,,,,36.71248703,36.13843935,35.3788201,34.3760336,33.30221814,32.14972889,30.91683901,29.6778205,28.30171643,26.91530658,25.39880954,23.83811152,22.25686565,20.64979457,19.17160459,17.77383336,16.52279469,15.40379621,14.44673511,13.56437791,12.75962028,11.97291602,11.32287815,10.67834563,10.04032773,9.520293417,9.052755563,8.458447045,8.025663996,7.619827048,
Lithuania,LTU,"Mortality rate, infant, female (per 1,000 live births)",SP.DYN.IMRT.FE.IN,,,,,,,,18.6,18,16.7,15.4,14.6,14.4,14.5,14.8,15.2,15.3,15.1,14.7,14.2,13.8,13.4,13,12.7,12.4,11.9,11.2,10.4,10,10,10.5,11.5,12.5,12.8,11.9,10.6,9.5,8.8,8.3,8,7.7,7.4,7.1,6.9,6.7,6.6,6.3,5.9,5.4,4.9,4.5,4.1,3.8,3.7,3.7,3.7,3.5,3.3,3,2.7,
Luxembourg,LUX,"Mortality rate, infant, female (per 1,000 live births)",SP.DYN.IMRT.FE.IN,28,26.5,25,23.7,22.4,21.3,20.2,19.2,18.2,17.3,16.4,15.5,14.6,13.7,12.9,12.2,11.6,11.1,10.6,10.2,9.8,9.5,9.2,8.9,8.5,8.2,7.9,7.5,7.2,6.8,6.4,6,5.7,5.3,5,4.7,4.4,4.1,3.9,3.7,3.5,3.3,3.2,3,2.8,2.7,2.6,2.5,2.4,2.3,2.2,2.2,2.2,2.2,2.1,2.1,2.1,2.1,2.1,2,
Latvia,LVA,"Mortality rate, infant, female (per 1,000 live births)",SP.DYN.IMRT.FE.IN,,,,,,,,,,,,,,,,,,,,13.2,13.2,13.2,13,12.7,12.2,11.5,10.8,10.3,10.2,10.7,11.6,12.6,13.3,13.8,14.1,14,13.6,12.9,12,11.2,10.4,9.8,9.3,8.8,8.4,7.9,7.4,7,6.7,6.4,6,5.6,5.1,4.7,4.3,3.9,3.6,3.3,3,2.9,
"Macao SAR, China",MAC,"Mortality rate, infant, female (per 1,000 live births)",SP.DYN.IMRT.FE.IN,,,,,,,,,,,,,,,,,,,,,,,,,,,,,,,,,,,,,,,,,,,,,,,,,,,,,,,,,,,,,
St. Martin (French part),MAF,"Mortality rate, infant, female (per 1,000 live births)",SP.DYN.IMRT.FE.IN,,,,,,,,,,,,,,,,,,,,,,,,,,,,,,,,,,,,,,,,,,,,,,,,,,,,,,,,,,,,,
Morocco,MAR,"Mortality rate, infant, female (per 1,000 live births)",SP.DYN.IMRT.FE.IN,133.8,131.6,129.5,127.3,125.1,122.7,120.4,118,115.7,113.6,111.6,109.7,107.8,106,104,101.8,99.3,96.5,93.4,90.2,86.9,83.7,80.4,77.2,73.9,70.7,67.7,64.8,62.2,59.6,57.3,55.1,52.9,50.8,48.8,46.7,44.8,42.9,41,39.3,37.7,36.1,34.6,33.2,31.8,30.4,29.1,27.9,26.7,25.6,24.4,23.3,22.3,21.3,20.3,19.4,18.5,17.7,17,16.4,
Monaco,MCO,"Mortality rate, infant, female (per 1,000 live births)",SP.DYN.IMRT.FE.IN,,,,,,,,,,,,,,,,,,,,,,,,,,7,6.7,6.4,6.1,5.8,5.6,5.4,5.1,4.9,4.7,4.5,4.3,4.2,4,3.9,3.7,3.6,3.5,3.4,3.3,3.2,3.2,3.1,3,3,2.9,2.8,2.8,2.7,2.6,2.6,2.5,2.4,2.3,2.3,
Moldova,MDA,"Mortality rate, infant, female (per 1,000 live births)",SP.DYN.IMRT.FE.IN,,,,,,,,,,,,43.9,42.8,41.8,40.7,39.7,38.6,37.6,36.6,35.7,34.9,33.9,32.8,31.5,30.2,28.8,27.5,26.2,25.2,24.5,24.1,24.4,25,25.9,26.9,27.6,27.8,27.4,26.4,24.9,23,20.9,19,17.2,15.8,14.8,14.1,13.7,13.4,13.1,12.9,12.7,12.5,12.3,12.1,11.8,11.6,11.4,11.1,10.9,
Madagascar,MDG,"Mortality rate, infant, female (per 1,000 live births)",SP.DYN.IMRT.FE.IN,,,,,,,,,82.2,83.1,84.2,85.3,86.4,87.7,89.1,90.5,91.8,93,94.2,95.4,96.7,98,99.2,100,100.2,99.6,98.5,96.7,94.4,91.9,89,86.3,83.7,81.2,78.8,76.2,73.5,70.7,67.8,65,62.2,59.6,57,54.6,52.4,50.3,48.3,46.5,44.8,43.3,41.9,40.6,39.5,38.4,37.4,36.4,35.4,34.4,33.5,32.6,
Maldives,MDV,"Mortality rate, infant, female (per 1,000 live births)",SP.DYN.IMRT.FE.IN,,,,,,189.5,183.7,177.7,171.9,166.1,160,153.5,146.6,139.4,132.1,125,118.3,111.9,105.9,100.4,95.3,90.4,85.9,81.6,77.5,73.6,69.9,66.4,63.2,60.1,57.2,54.3,51.6,48.8,46,43.2,40.3,37.3,34.3,31.3,28.3,25.4,22.6,20.2,18.6,16.1,14.6,13.3,12.3,11.4,10.6,10,9.4,8.8,8.3,7.8,7.3,6.8,6.3,5.9,
Middle East & North Africa,MEA,"Mortality rate, infant, female (per 1,000 live births)",SP.DYN.IMRT.FE.IN,,,,,,,,,,,,,,,,,,,,,,,,,,,,,,,46.8,45.1,43.5,41.9,40.3,38.7,37.1,35.6,34.2,32.8,31.4,30.1,28.8,27.6,26.5,25.4,24.4,23.4,22.5,21.6,20.8,20.2,19.7,19.2,18.7,18.2,17.8,17.4,17,16.6,
Mexico,MEX,"Mortality rate, infant, female (per 1,000 live births)",SP.DYN.IMRT.FE.IN,98.7,94.9,91.4,88.1,85.1,82.3,79.6,77.1,74.6,72.1,69.7,67.5,65.2,63,60.9,58.9,56.8,54.9,53,51,49.1,47.2,45.4,43.6,41.8,40.2,38.6,37,35.5,34.1,32.7,31.3,30,28.7,27.5,26.3,25.2,24.1,23.1,22.1,21.1,20.3,19.4,18.7,17.9,17.3,16.7,16.1,15.6,15.1,14.7,14.2,13.8,13.3,12.8,12.5,12.1,11.7,11.3,10.9,
Marshall Islands,MHL,"Mortality rate, infant, female (per 1,000 live births)",SP.DYN.IMRT.FE.IN,77.8,74.5,71.3,68.4,65.8,63.4,61.2,59,57,55,53.1,51.3,49.8,48.6,47.7,47,46.7,46.2,45.8,45.3,44.7,44.1,43.2,42.3,41.4,40.4,39.4,38.3,37.1,35.9,34.7,33.4,32.3,31.2,30.3,29.7,29.4,29.2,29.3,29.3,29.3,29.2,29.1,29,28.8,28.6,28.4,28.2,28,27.9,27.7,27.5,27.2,26.8,26.3,25.7,25.1,24.5,23.8,23.2,
Middle income,MIC,"Mortality rate, infant, female (per 1,000 live births)",SP.DYN.IMRT.FE.IN,,,,,,,,,,,,,,,,,,,,,,,,,,,,,,,61.80567027,60.94526506,60.10225604,59.21099082,58.23247248,57.11778143,55.83413304,54.50254307,53.0114698,51.39559505,49.83417352,48.1617894,46.50136925,44.8192775,43.13402843,41.47051408,39.86264572,38.34244411,36.89341411,35.38207451,33.98663939,32.67343948,31.46271019,30.30497247,29.22886346,28.26497401,27.3786875,26.45923287,25.60585793,24.82979133,
North Macedonia,MKD,"Mortality rate, infant, female (per 1,000 live births)",SP.DYN.IMRT.FE.IN,,,,,,,,,,,,,,,,,,,,,,48.5,47,45.3,43.4,41.9,41.2,40.4,37.8,33.6,30,28.7,28.3,26.6,23.3,19.9,17.6,16.2,15.1,13.9,13,12.3,11.9,11.6,11.4,11.2,10.8,10.2,9.5,8.7,8.2,8.1,8.5,9.2,10.1,10.5,9.7,8,6.4,5,
Mali,MLI,"Mortality rate, infant, female (per 1,000 live births)",SP.DYN.IMRT.FE.IN,,,,188.8,185.6,182.7,179.9,177.2,174.6,172.1,169.8,167.4,164.8,162,159.1,155.9,152.6,149.2,145.8,142.3,139.1,135.8,132.5,129.3,126.1,123.2,120.4,117.6,114.9,112.6,110.5,108.7,107.2,105.8,104.4,103,101.5,100,98.1,96,93.6,91,88.4,85.9,83.5,81.1,78.8,76.5,74.3,72.2,70.1,68.2,66.2,64.4,62.6,60.8,59.2,57.7,56.1,54.6,
Malta,MLT,"Mortality rate, infant, female (per 1,000 live births)",SP.DYN.IMRT.FE.IN,32.6,30.9,29.7,28.7,28,27.2,26.4,25.5,24.5,23.4,22.3,21.2,20.1,19.1,18,17.1,16.2,15.3,14.6,14,13.4,12.9,12.4,12,11.5,11,10.6,10.2,9.7,9.4,9,8.7,8.4,8.1,7.8,7.5,7.1,6.8,6.6,6.3,6.1,5.9,5.7,5.6,5.5,5.5,5.4,5.4,5.4,5.4,5.4,5.4,5.5,5.5,5.5,5.6,5.6,5.6,5.6,5.5,
Myanmar,MMR,"Mortality rate, infant, female (per 1,000 live births)",SP.DYN.IMRT.FE.IN,,,,,,,,,111.7,109.9,107.9,105.9,103.9,101.9,99.9,97.9,95.8,93.8,91.8,89.8,88,86.2,84.6,83,81.5,80.2,78.8,77.4,76,74.6,73.1,71.6,70,68.5,67,65.5,64,62.5,61.1,59.6,58.3,56.9,55.6,54.1,52.7,51.2,49.7,48.2,50.9,45,43.4,41.9,40.3,38.9,37.5,36.3,35,34,32.8,31.8,
Middle East & North Africa (excluding high income),MNA,"Mortality rate, infant, female (per 1,000 live births)",SP.DYN.IMRT.FE.IN,,,,,,,,,,,,,,,,,,,,,,,,,,,,,,,49.10074378,47.38998208,45.78410257,44.24026923,42.6595067,41.07624467,39.50921184,37.96882484,36.43315037,34.99153371,33.58371512,32.21133362,30.84406476,29.61280203,28.43767009,27.28097146,26.22062615,25.15134187,24.16875341,23.23886813,22.44009132,21.73578119,21.19875747,20.64181564,20.13649172,19.68583518,19.1971189,18.74529851,18.37842781,17.95499695,
Montenegro,MNE,"Mortality rate, infant, female (per 1,000 live births)",SP.DYN.IMRT.FE.IN,,,,,,,,,,,,,,,,,,,,,,,,,22.8,20.7,18.8,17.2,15.8,14.6,13.8,13.2,12.8,12.7,12.6,12.6,12.5,12.5,12.3,12.1,11.7,11.3,10.7,10.1,9.5,8.8,8.1,7.4,6.7,6.1,5.4,4.9,4.3,3.8,3.4,3,2.6,2.3,2.1,1.9,
Mongolia,MNG,"Mortality rate, infant, female (per 1,000 live births)",SP.DYN.IMRT.FE.IN,,,,,,,,,,,,,,,,,,,101.2,97.8,94.7,91.6,88.8,85.8,82.9,79.8,76.7,73.5,70.4,67.5,64.8,62.4,60.2,58.1,56.1,54,51.8,49.5,47.1,44.6,42,39.5,36.9,34.4,32.1,30,28,26.2,24.5,23,21.5,20,18.6,17.2,16,14.8,13.8,13,12.2,11.6,
Northern Mariana Islands,MNP,"Mortality rate, infant, female (per 1,000 live births)",SP.DYN.IMRT.FE.IN,,,,,,,,,,,,,,,,,,,,,,,,,,,,,,,,,,,,,,,,,,,,,,,,,,,,,,,,,,,,,
Mozambique,MOZ,"Mortality rate, infant, female (per 1,000 live births)",SP.DYN.IMRT.FE.IN,,,,,171.5,172.6,173.4,174.1,174.2,174.4,174.3,173.7,173.4,172.6,171.7,170.9,170,169.4,168.9,168.5,168.4,168.1,167.5,166.7,165.5,163.9,162,159.9,158,156.1,154,151.8,149.2,145.8,142.1,137.6,132.2,125.9,119.2,112.7,106.5,100.5,95.1,90.2,85.8,81.9,78.4,73.7,71.1,68.2,67.6,64.3,61.9,60.3,58.7,57.2,55.5,53.7,52.2,50.6,
Mauritania,MRT,"Mortality rate, infant, female (per 1,000 live births)",SP.DYN.IMRT.FE.IN,119.4,116.6,113.8,111,108.4,105.8,103.2,100.5,98.1,96.2,94.8,94,93.5,93.3,92.7,91.9,90.6,88.9,87.1,85.1,83.2,81.3,79.4,77.3,75.2,72.8,70.5,68.4,66.6,65.1,64,63.2,62.6,62.3,62.2,62.1,62,62,61.9,61.9,61.7,61.6,61.4,61.2,60.8,60.1,59.3,58.3,57.2,56.1,55,53.8,52.6,51.6,50.3,49.2,48,46.9,45.7,44.7,
Mauritius,MUS,"Mortality rate, infant, female (per 1,000 live births)",SP.DYN.IMRT.FE.IN,63.5,60.6,57.3,54.4,52.6,53.3,57.5,62.6,62.8,56.5,50.7,50.3,53,53.2,48.2,42,37.5,34.8,32.8,31.1,29.2,26.7,24.2,22.4,21.4,21,21.1,21.1,20.3,18.8,17.2,16.3,16,16.1,16.6,17.1,17.5,17.5,16.9,15.7,14.4,13.3,12.6,12.1,11.9,11.8,11.6,11.5,11.3,11.1,11.1,11.2,11.5,11.7,11.5,11.4,11.5,11.8,12.2,12.8,
Malawi,MWI,"Mortality rate, infant, female (per 1,000 live births)",SP.DYN.IMRT.FE.IN,,,,,,197.9,196.8,195.7,194.5,193.1,191.1,188.4,184.4,179.9,175.1,169.7,164.4,158.9,153.1,147,142.3,138.1,135.7,135.5,137.3,139.5,141.2,141.4,140,136.8,132.9,128.5,124.2,119.9,115.8,112.1,109.1,106.4,103,98.6,92.7,85.3,77.5,70.2,64,59.2,56,54.1,51.5,49.7,47.7,44.3,41,38,35.3,33.1,31.2,29.7,28.4,27.3,
Malaysia,MYS,"Mortality rate, infant, female (per 1,000 live births)",SP.DYN.IMRT.FE.IN,61.3,57.6,54.1,51,48.2,45.8,43.7,41.8,40.2,38.8,37.6,36.3,35.1,33.7,32.2,30.6,28.9,27.2,25.6,24,22.4,21,19.6,18.4,17.3,16.3,15.4,14.6,13.9,13.2,12.6,12.1,11.5,11,10.6,10.2,9.9,9.5,9,8.4,7.8,7.2,6.8,6.6,6.4,6.3,6.2,6.2,6.2,6.2,6.2,6.2,6.1,6.2,6.2,6.3,6.4,6.5,6.6,6.7,
North America,NAC,"Mortality rate, infant, female (per 1,000 live births)",SP.DYN.IMRT.FE.IN,,,,,,,,,,,,,,,,,,,,,,,,,,,,,,,8.1,7.8,7.6,7.4,7.2,7,6.8,6.6,6.5,6.4,6.3,6.2,6.1,6,6,5.9,5.9,5.8,5.8,5.6,5.6,5.5,5.4,5.3,5.3,5.2,5.2,5.1,5,5,
Namibia,NAM,"Mortality rate, infant, female (per 1,000 live births)",SP.DYN.IMRT.FE.IN,,,,,,,,56.4,56.8,56.9,57.2,57.3,57.7,58,58.4,58.9,59.3,59.7,60,60,59.6,58.8,57.7,56.1,54.3,52.4,50.4,48.6,47,45.5,44.3,43.3,42.5,42,41.9,42,42.1,42,41.7,41.2,40.6,39.9,39.4,39.2,38.6,35.9,34.1,33.3,33.2,33.8,32.7,33.2,34.1,32.6,30.8,29.9,29.1,28.5,27.9,27.6,
New Caledonia,NCL,"Mortality rate, infant, female (per 1,000 live births)",SP.DYN.IMRT.FE.IN,,,,,,,,,,,,,,,,,,,,,,,,,,,,,,,,,,,,,,,,,,,,,,,,,,,,,,,,,,,,,
Niger,NER,"Mortality rate, infant, female (per 1,000 live births)",SP.DYN.IMRT.FE.IN,,,,,,,,119.2,120.6,122.1,123.6,125.2,126.4,127.4,127.7,127.5,126.7,125.3,123.7,122.3,121.5,121.3,122,123.3,124.9,126.5,127.6,128,127.8,126.8,125.3,123,120.1,116.5,112.6,108.2,104,100.2,96.7,93.5,90.5,87.3,83.8,80,76.2,72.5,68.9,65.6,62.4,59.5,56.7,54.2,52.1,50.3,48.7,47.2,45.9,44.7,43.5,42.4,
Nigeria,NGA,"Mortality rate, infant, female (per 1,000 live births)",SP.DYN.IMRT.FE.IN,,,,,178.1,174,170,166.3,162.4,158.5,154.4,150,145.5,140.8,136.2,131.8,127.6,123.7,120.5,117.8,115.7,114.1,113.1,112.6,112.6,112.8,113.3,113.7,114,114,113.9,113.6,113.3,112.9,112.2,111.3,110.1,108.3,105.9,103.5,100.9,98,95.2,92.2,89.3,86.5,83.9,81.7,79.8,78.2,76.8,75.6,74.6,73.7,73,72.3,71.4,70.3,68.9,67.3,
Nicaragua,NIC,"Mortality rate, infant, female (per 1,000 live births)",SP.DYN.IMRT.FE.IN,121.6,120.4,119,117.7,116.3,114.8,113.1,111.3,109.5,107.4,105.2,102.7,99.9,96.8,93.4,89.7,85.7,81.5,77.3,73.1,69.2,65.6,62.2,59.2,56.6,54.3,52.3,50.4,48.7,47,45.2,43.4,41.5,39.6,37.7,35.9,34,32.3,31.9,29.1,27.7,26.3,25.1,23.9,22.9,21.9,20.9,20,19.2,18.4,17.7,17,16.4,15.7,15.1,14.5,13.9,13.5,13,12.5,
Netherlands,NLD,"Mortality rate, infant, female (per 1,000 live births)",SP.DYN.IMRT.FE.IN,14.2,13.8,13.5,13.2,12.9,12.6,12.2,11.9,11.6,11.2,10.9,10.5,10.1,9.8,9.4,9.1,8.7,8.4,8.1,7.8,7.6,7.4,7.3,7.1,7,6.8,6.7,6.5,6.3,6.1,5.9,5.7,5.5,5.3,5.1,5,4.8,4.8,4.7,4.6,4.6,4.5,4.4,4.2,4.1,4,3.8,3.7,3.6,3.5,3.4,3.3,3.2,3.2,3.1,3.1,3.1,3.1,3.1,3.1,
Norway,NOR,"Mortality rate, infant, female (per 1,000 live births)",SP.DYN.IMRT.FE.IN,16,15.6,15.2,14.8,14.4,13.9,13.4,12.8,12.3,11.8,11.3,10.9,10.4,10,9.5,9.1,8.6,8.1,7.7,7.4,7.1,7,7,7.1,7.2,7.3,7.3,7.2,7,6.6,6.2,5.7,5.2,4.8,4.4,4.1,3.9,3.8,3.7,3.6,3.5,3.4,3.3,3.2,3.1,2.9,2.8,2.7,2.6,2.5,2.4,2.3,2.2,2.1,2,2,1.9,1.9,1.8,1.8,
Nepal,NPL,"Mortality rate, infant, female (per 1,000 live births)",SP.DYN.IMRT.FE.IN,207.6,205,201.9,198.3,194.4,190.3,185.8,181.2,176.9,172.9,169,165.3,161.8,158.4,155,151.3,147.8,144,140.2,136.5,132.6,128.8,124.8,120.8,116.9,112.8,108.8,104.5,100.2,95.9,91.5,87.3,83.1,79.2,75.4,71.8,68.3,64.9,61.7,58.7,55.8,53,50.5,48.1,45.7,43.5,41.4,39.4,37.5,35.8,34.1,32.6,31,29.6,28.3,27.1,26,25,24.1,23.3,
Nauru,NRU,"Mortality rate, infant, female (per 1,000 live births)",SP.DYN.IMRT.FE.IN,,,,,,,,,,,,,,,,,,,,,,,,,,50.4,48.5,46.8,45.1,43.5,41.9,40.4,38.9,37.6,36.2,35,33.8,32.7,31.7,30.8,30,29.3,28.7,28.3,28.1,28.1,28.2,28.4,28.6,28.5,28.3,27.9,27.5,26.9,26.3,25.6,25,24.3,23.5,22.9,
New Zealand,NZL,"Mortality rate, infant, female (per 1,000 live births)",SP.DYN.IMRT.FE.IN,19.6,18.8,18,17.3,16.6,16.1,15.7,15.4,15.1,14.8,14.5,14.2,13.9,13.5,13.2,12.8,12.4,12,11.7,11.3,11,10.8,10.6,10.3,10.1,9.9,9.6,9.3,8.9,8.5,8,7.6,7.3,6.9,6.6,6.4,6.1,5.9,5.8,5.6,5.4,5.3,5.2,5.1,5,4.9,4.8,4.8,4.7,4.6,4.6,4.5,4.4,4.3,4.2,4.1,4,3.8,3.7,3.6,
OECD members,OED,"Mortality rate, infant, female (per 1,000 live births)",SP.DYN.IMRT.FE.IN,,,,,,,,,,,,,,,,,,,,,,,,,,,,,,,15.91281733,15.23309355,14.61691872,13.99053907,13.37530247,12.81505449,12.25895265,11.74197342,11.26342369,10.80394848,10.34642064,9.919237309,9.485044241,9.096646902,8.711451302,8.356603099,8.043477141,7.714990748,7.462785673,7.169998969,6.940132213,6.743013122,6.535527724,6.323107267,6.13144285,5.997327396,5.831432837,5.685845393,5.525809141,5.382745937,
Oman,OMN,"Mortality rate, infant, female (per 1,000 live births)",SP.DYN.IMRT.FE.IN,,,213,203.1,193.5,184.5,176,167.2,158.8,150.4,142.3,134.7,127.3,119.9,112.6,105.6,98.6,91.6,84.7,78.1,71.7,65.6,59.8,54.4,49.4,44.9,40.8,37.1,33.9,30.9,28.3,25.8,23.6,21.5,19.7,18.1,16.8,15.5,14.4,13.4,12.6,11.8,11.2,10.6,10.2,9.8,9.6,9.4,9.2,9.1,9,8.9,8.8,8.7,8.6,8.6,8.7,8.7,8.8,8.8,
Other small states,OSS,"Mortality rate, infant, female (per 1,000 live births)",SP.DYN.IMRT.FE.IN,,,,,,,,,,,,,,,,,,,,,,,,,,,,,,,59.04119478,58.13101459,57.45649928,56.90752115,56.44018713,55.96931628,55.24693506,54.60092064,53.85087731,52.96444093,51.98728923,50.88146043,49.71001939,48.5245946,47.25318181,45.59095894,43.93548654,42.74899475,41.96286509,40.59560286,39.3541395,38.48381472,37.71488968,36.872874,36.10619065,35.19247168,34.45864934,33.72995647,32.73770255,31.95473036,
Pakistan,PAK,"Mortality rate, infant, female (per 1,000 live births)",SP.DYN.IMRT.FE.IN,175.6,169.9,164.5,159.3,154.5,150.3,146.5,143.2,140.4,137.9,135.6,133.4,131.4,129.4,127.6,125.8,124.3,122.7,121.1,119.6,118,116.5,114.8,113.1,111.2,109.3,107.4,105.4,103.7,101.9,100.1,98.3,96.4,94.4,92.3,90,87.7,85.2,82.8,80.4,78.3,76.3,74.6,73,71.6,70.2,69,67.8,66.6,65.3,64,62.7,61.2,59.6,58,56.5,54.9,53.5,51.9,50.5,
Panama,PAN,"Mortality rate, infant, female (per 1,000 live births)",SP.DYN.IMRT.FE.IN,60,58.5,56.9,55.4,53.9,52.6,51.3,50,48.7,47.2,45.6,43.7,41.8,39.9,38.1,36.5,35.2,34.1,33.1,32.2,31.3,30.4,29.4,28.5,27.5,26.6,25.7,24.9,24.1,23.4,22.8,22.2,21.8,21.4,21.1,20.9,20.6,20.4,20.1,19.8,19.4,19,18.6,18.1,17.7,17.2,16.8,16.4,15.9,15.5,15.1,14.6,14.2,13.7,13.3,12.9,12.5,12.1,11.7,11.4,
Peru,PER,"Mortality rate, infant, female (per 1,000 live births)",SP.DYN.IMRT.FE.IN,125.8,122.7,119.4,116,112.7,109.4,106.2,103.2,100.6,98.1,95.7,93.4,91.1,88.8,86.6,84.5,82.6,80.9,79.3,77.9,76.4,74.8,72.9,70.6,68.1,65.4,62.5,59.7,57,54.5,52.1,49.7,47.2,44.7,42,39.3,36.5,33.9,31.3,28.9,26.7,24.7,22.9,21.3,19.9,18.6,17.5,16.4,15.5,14.6,13.8,13.1,12.5,11.9,11.4,10.9,10.4,10,9.6,9.2,
Philippines,PHL,"Mortality rate, infant, female (per 1,000 live births)",SP.DYN.IMRT.FE.IN,59.9,58.2,56.8,55.5,54.4,53.4,52.4,51.4,50.6,49.9,49.3,48.9,48.7,48.5,48.4,48.3,48.2,47.9,47.6,47.2,46.7,46.2,45.6,44.9,44.2,43.1,41.9,40.3,38.6,36.7,34.9,33.3,31.8,30.5,29.4,28.4,27.5,26.8,26.1,25.6,25.2,24.8,24.5,24.1,23.7,23.3,23,22.7,22.4,22.2,21.9,21.7,21.5,21.2,21,20.8,20.4,20.1,19.6,19.1,
Palau,PLW,"Mortality rate, infant, female (per 1,000 live births)",SP.DYN.IMRT.FE.IN,,,,,,,,,,,,,,,,,,,,,,,,,,26,26.1,26.2,26.3,26.5,26.6,26.6,26.5,26.2,25.8,25.2,24.7,24.1,23.5,23,22.5,22.1,21.7,21.3,20.9,20.5,20.2,19.7,19.3,18.8,18.3,17.8,17.2,16.7,16.3,15.8,15.4,14.9,14.4,14,
Papua New Guinea,PNG,"Mortality rate, infant, female (per 1,000 live births)",SP.DYN.IMRT.FE.IN,124.6,120.8,117.2,113.7,110.3,107.1,103.9,100.8,97.8,94.9,92.1,89.3,86.7,84.1,81.7,79.5,77.3,75.3,73.4,71.6,69.9,68.3,66.7,65.3,64,62.7,61.6,60.5,59.4,58.4,57.4,56.4,55.5,54.5,53.7,52.9,52,51.3,50.6,49.8,49.1,48.3,47.6,46.8,46,45.1,44.3,43.4,42.6,41.7,40.8,39.9,39,38.1,37.2,36.3,35.4,34.4,33.6,32.6,
Poland,POL,"Mortality rate, infant, female (per 1,000 live births)",SP.DYN.IMRT.FE.IN,51,47.2,43.8,40.7,37.9,35.2,32.9,31.1,29.8,28.8,27.8,26.3,24.5,23,21.9,21,20.3,19.7,19.1,18.5,18,17.5,17.1,16.6,16.1,15.5,14.9,14.4,13.9,13.6,13.3,13,12.7,12.3,12,11.3,10.4,9.4,8.5,7.8,7.3,6.9,6.6,6.4,6.1,5.9,5.7,5.5,5.2,4.9,4.7,4.4,4.3,4.1,3.9,3.8,3.7,3.6,3.5,3.4,
Pre-demographic dividend,PRE,"Mortality rate, infant, female (per 1,000 live births)",SP.DYN.IMRT.FE.IN,,,,,,,,,,,,,,,,,,,,,,,,,,,,,,,101.9001479,100.8746934,99.84733725,98.71277388,97.4626163,96.06926672,94.483955,92.65086297,90.52159887,88.23492555,85.72995022,83.01150359,80.23066494,77.41718514,74.66179712,72.01240627,69.56454385,67.24565599,65.08879542,63.15072161,61.41033747,59.67714223,58.08336056,56.65481202,55.32677926,54.0648869,52.79298565,51.50802418,50.19042748,48.8628805,
Puerto Rico,PRI,"Mortality rate, infant, female (per 1,000 live births)",SP.DYN.IMRT.FE.IN,,,,,,,,,,,,,,,,,,,,,,,,,,,,,,,,,,,,,,,,,,,,,,,,,,,,,,,,,,,,,
"Korea, Dem. People’s Rep.",PRK,"Mortality rate, infant, female (per 1,000 live births)",SP.DYN.IMRT.FE.IN,,,,,,,,,,,,,,,,,,,,,,,,,,24.8,24.5,24.8,25.8,27.5,29.9,33.1,37,41,45,48.1,49.9,49.9,48.1,44.6,40,35.1,30.6,27.1,24.8,23.5,23.1,22.9,22.4,21.6,20.5,19,17.5,16.2,15.1,14.1,13.4,12.7,12.1,11.6,
Portugal,PRT,"Mortality rate, infant, female (per 1,000 live births)",SP.DYN.IMRT.FE.IN,78.2,75.9,72.5,68.5,64.3,60.4,57.6,55.8,54.4,52.8,50.3,46.5,42.3,38.4,34.9,31.7,28.6,25.7,23.4,21.5,20,18.7,17.5,16.5,15.5,14.6,13.7,12.8,12,11.1,10.2,9.4,8.6,7.9,7.2,6.7,6.3,5.9,5.7,5.3,5,4.6,4.3,3.9,3.6,3.3,3.1,3,2.9,2.8,2.8,2.7,2.7,2.7,2.7,2.7,2.7,2.7,2.7,2.8,
Paraguay,PRY,"Mortality rate, infant, female (per 1,000 live births)",SP.DYN.IMRT.FE.IN,55.7,55.2,54.9,54.6,54.4,54.2,54,53.9,53.6,53.4,53.1,52.7,52.2,51.7,51.1,50.3,49.5,48.6,47.6,46.6,45.4,44.2,42.9,41.6,40.2,39,37.7,36.4,35.2,34,32.9,31.8,30.7,29.7,28.8,28,27.3,26.7,26.1,25.5,25,24.5,24,23.4,22.9,22.4,21.9,21.3,20.8,20.2,19.6,19.1,18.5,17.9,17.4,16.9,16.4,15.9,15.4,14.9,
West Bank and Gaza,PSE,"Mortality rate, infant, female (per 1,000 live births)",SP.DYN.IMRT.FE.IN,,,,,,,,,,,,,,,,72.9,69.1,65.4,61.9,58.6,55.6,52.8,50.1,47.6,45.2,42.9,40.7,38.6,36.8,35,33.4,32,30.7,29.5,28.4,27.4,26.4,25.5,24.7,23.9,23.2,22.5,21.9,21.3,20.8,20.3,19.8,19.3,18.8,18.4,18.1,17.8,17.5,17.3,17,16.8,16.4,16,15.6,15.2,
Pacific island small states,PSS,"Mortality rate, infant, female (per 1,000 live births)",SP.DYN.IMRT.FE.IN,,,,,,,,,,,,,,,,,,,,,,,,,,,,,,,27.04782576,26.24417509,25.53666741,24.88248069,24.34258928,23.85900725,23.43965444,23.14533172,22.65850609,22.31209754,21.95896168,21.68681295,21.50237184,21.30946866,21.26390213,21.22989277,21.22016615,21.13424263,21.05620351,21.00012652,20.69912694,20.46493509,20.22851672,19.97438901,19.74392755,19.44379505,19.19889374,18.94433896,18.67255765,18.35157721,
Post-demographic dividend,PST,"Mortality rate, infant, female (per 1,000 live births)",SP.DYN.IMRT.FE.IN,,,,,,,,,,,,,,,,,,,,,,,,,,,,,,,7.896907219,7.585342754,7.315939657,7.025220621,6.711543979,6.450932575,6.205495412,5.98131187,5.798218982,5.626609544,5.473546373,5.321047034,5.182243192,5.06181147,4.955272128,4.838817295,4.750868109,4.631381423,4.555196113,4.419646826,4.309441875,4.237587258,4.129779398,4.037767353,3.964130598,3.917924607,3.858973738,3.826782602,3.76906395,3.736726738,
French Polynesia,PYF,"Mortality rate, infant, female (per 1,000 live births)",SP.DYN.IMRT.FE.IN,,,,,,,,,,,,,,,,,,,,,,,,,,,,,,,,,,,,,,,,,,,,,,,,,,,,,,,,,,,,,
Qatar,QAT,"Mortality rate, infant, female (per 1,000 live births)",SP.DYN.IMRT.FE.IN,,,,,,,,,,49,46.2,43.5,40.9,38.6,36.4,34.5,32.7,31.1,29.6,28.2,27,25.8,24.7,23.6,22.6,21.5,20.5,19.4,18.3,17.2,16.2,15.1,14.2,13.4,12.6,12,11.4,11,10.6,10.2,9.8,9.5,9.1,8.8,8.5,8.2,7.9,7.7,7.5,7.3,7.1,7,6.8,6.6,6.4,6.2,5.9,5.6,5.4,5.1,
Romania,ROU,"Mortality rate, infant, female (per 1,000 live births)",SP.DYN.IMRT.FE.IN,67.4,62.4,55.1,47.9,42.6,40.8,43.7,49.2,51.6,47.9,42.2,38.2,35.8,34.5,33.3,32,30.3,28.6,27.3,26.5,25.7,24.4,23,21.8,21.4,21.6,22.6,23.6,23.8,22.7,21.3,20.5,20.2,20,19.8,19.5,19.3,19,18.2,17,15.9,15.4,15.2,15,14.5,13.7,12.7,11.5,10.5,9.8,9.3,8.9,8.5,7.9,7.3,6.8,6.3,5.9,5.6,5.1,
Russian Federation,RUS,"Mortality rate, infant, female (per 1,000 live births)",SP.DYN.IMRT.FE.IN,,,,,,,,,,,26.9,25.8,24.7,23.8,22.9,22.1,21.5,20.9,20.5,20.1,19.7,19.3,19,18.7,18.3,17.8,17.3,16.7,16.2,15.8,15.6,15.5,15.7,15.9,15.9,15.9,15.7,15.5,15.1,14.8,14.2,13.5,12.7,11.9,11.1,10.3,9.6,8.9,8.5,8.1,7.8,7.6,7.5,7.2,6.8,6.3,5.8,5.3,4.8,4.4,
Rwanda,RWA,"Mortality rate, infant, female (per 1,000 live births)",SP.DYN.IMRT.FE.IN,121.5,119,117.3,116.2,115.6,115.6,116.1,117.1,118.4,119.9,121.7,123.6,126.1,129.1,132.4,135.6,138,138.1,134.9,128.5,120.3,111.8,104.2,98.2,93.8,90.3,87.7,85.7,84.4,84,85.2,88,92.1,97.9,113,112.6,107.8,110.7,112,105,99.3,92.9,85.5,77.8,69.7,62.7,56.6,51.4,47,43.3,39.8,36.1,33.5,31.2,29.3,27.9,26.6,25.5,24.6,23.6,
South Asia,SAS,"Mortality rate, infant, female (per 1,000 live births)",SP.DYN.IMRT.FE.IN,,,,,,,,,,,,,,,,,,,,,,,,,,,,,,,88.6,86.4,84.4,82.4,80.5,78.4,76.3,74.2,71.9,69.5,67.4,65.3,63.3,61.3,59.1,57.3,55.3,53.4,51.4,49.5,47.6,45.6,43.7,41.8,40,38.2,36.5,34.9,33.3,31.9,
Saudi Arabia,SAU,"Mortality rate, infant, female (per 1,000 live births)",SP.DYN.IMRT.FE.IN,,,,,,,,,,,,,104.3,98.4,92.5,87,81.9,77.1,72.6,68.3,64.2,60.4,56.7,53.4,50.1,47,43.9,41,38.2,35.6,33.1,30.8,28.7,26.8,25.1,23.5,22,20.7,19.5,18.4,17.4,16.4,15.5,14.7,13.9,13.2,12.4,11.7,10.9,10.3,9.6,9,8.4,7.8,7.3,6.8,6.3,6,5.6,5.4,
Sudan,SDN,"Mortality rate, infant, female (per 1,000 live births)",SP.DYN.IMRT.FE.IN,97.6,96.3,94.9,93.7,92.6,91.5,90.5,89.6,88.9,88.3,87.7,87.2,86.7,86.3,85.8,85.2,84.5,83.9,83.2,82.6,82,81.4,80.7,80.1,79.4,78.6,77.8,76.8,75.7,74.5,73.4,72.2,71,69.7,68.4,67.1,65.6,64.1,62.5,60.8,59.1,57.4,55.7,54.1,52.5,51.1,49.7,48.3,47.1,45.9,44.9,43.8,42.8,41.9,41,40,39.1,38.2,37.2,36.3,
Senegal,SEN,"Mortality rate, infant, female (per 1,000 live births)",SP.DYN.IMRT.FE.IN,119.7,119.6,119.6,119.8,120,120,119.8,119.5,118.9,118,116.7,115.1,113,110.5,107.6,104.1,100.5,96.9,93.5,90.3,87.7,85.4,83.3,81.3,78.9,76.2,73.4,70.6,68.2,66.3,65,64.2,63.9,64,64.3,64.5,64.7,64.5,63.9,62.7,60.9,58.6,55.9,53,50.3,47.7,45.2,43,41.1,39.4,37.9,36.6,35.4,34.3,33.2,32.3,31.4,30.5,29.7,29,
Singapore,SGP,"Mortality rate, infant, female (per 1,000 live births)",SP.DYN.IMRT.FE.IN,31.2,28.8,26.8,25.4,24.5,23.8,23,22,20.9,19.9,18.9,18,16.9,15.4,13.6,12.1,11.2,10.8,10.7,10.7,10.6,10.1,9.5,8.8,8.3,7.9,7.5,7.1,6.6,6.1,5.6,5,4.6,4.2,3.9,3.6,3.5,3.3,3.2,3,2.8,2.6,2.4,2.3,2.2,2.1,2.1,2,2,2,2,2,2,2,2,2,2,2,1.9,1.9,
Solomon Islands,SLB,"Mortality rate, infant, female (per 1,000 live births)",SP.DYN.IMRT.FE.IN,120.2,114.2,108.7,103.6,98.7,94,89.1,84.3,79.3,74.3,69.5,65,60.8,56.9,53.4,50.2,47.2,44.5,42,40,38.1,36.6,35.2,34,33,32,31.2,30.5,29.8,29.1,28.5,27.8,27.1,26.4,25.8,25.2,24.7,24.2,23.8,23.4,23,22.8,22.6,22.3,22.1,21.9,21.6,21.2,20.8,20.3,19.8,19.2,18.7,18.2,17.7,17.1,16.6,16.1,15.6,15.2,
Sierra Leone,SLE,"Mortality rate, infant, female (per 1,000 live births)",SP.DYN.IMRT.FE.IN,206.8,203.9,200.9,198,195,192,189.1,186.1,183.1,180.4,177.5,174.9,172.5,170.1,167.7,165.4,163.3,161.3,159.3,157.5,155.8,154.1,152.7,151.3,150.1,148.9,147.8,146.7,145.8,145,144.2,143.5,142.8,142.1,141.3,140.3,139.2,137.5,135.6,133.6,131.3,129,126.4,123.7,120.9,117.9,114.8,111.3,107.8,104.3,100.7,97.2,93.9,90.8,88.6,88,82.6,80,77.6,75.2,
El Salvador,SLV,"Mortality rate, infant, female (per 1,000 live births)",SP.DYN.IMRT.FE.IN,115.2,112.9,110.7,108.5,106.5,104.6,102.6,100.8,99,97.2,95.2,93.3,91.3,89.1,86.8,84.3,81.7,78.8,75.9,72.9,69.7,66.5,63.2,59.9,56.7,53.7,51,48.4,46,43.8,41.7,39.7,37.7,35.8,34,32.1,30.4,28.7,27.1,25.7,24.3,23.1,21.9,20.8,19.8,18.8,17.8,17,16.1,15.3,14.6,13.9,13.3,12.8,12.2,11.8,11.3,10.9,10.6,10.2,
San Marino,SMR,"Mortality rate, infant, female (per 1,000 live births)",SP.DYN.IMRT.FE.IN,,,,,,,,,,,,,,,,,,,,,,,,,,16.4,15.2,14,12.9,11.9,11,10.1,9.3,8.6,7.9,7.3,6.7,6.2,5.7,5.3,4.9,4.5,4.2,3.8,3.5,3.3,3,2.8,2.6,2.4,2.2,2,1.9,1.8,1.7,1.6,1.5,1.5,1.4,1.4,
Somalia,SOM,"Mortality rate, infant, female (per 1,000 live births)",SP.DYN.IMRT.FE.IN,,,,,,,,,,,,,,,,,,,,,,,109.4,107.9,106.6,105.7,105,104,102.9,101.7,100,98.3,97,96.6,96.5,96.5,96.5,96.5,96.5,96.5,96.4,96.5,96.5,96.4,96.4,96.4,96,95,93.3,91.1,88.7,86.3,83.7,81.2,78.9,76.4,74.2,72.2,70,67.9,
Serbia,SRB,"Mortality rate, infant, female (per 1,000 live births)",SP.DYN.IMRT.FE.IN,,,,,,,,,,,,,,,,,,,,,,,,,33.4,31.7,30.4,29.5,28,25.3,22.4,20.3,19.2,18.4,17,15.3,13.4,11.8,10.7,10.1,9.7,9.3,8.7,8,7.3,6.8,6.4,6.2,6.1,6,5.8,5.7,5.5,5.3,5.1,4.9,4.7,4.5,4.3,4.1,
Sub-Saharan Africa (excluding high income),SSA,"Mortality rate, infant, female (per 1,000 live births)",SP.DYN.IMRT.FE.IN,,,,,,,,,,,,,,,,,,,,,,,,,,,,,,,98.22668904,97.32174146,96.45163289,95.50175868,94.53720766,93.24693179,91.73578944,90.05445878,88.07085809,85.84298136,83.4084796,80.76413637,78.01859775,75.24880832,72.56046439,69.93893414,67.51155935,65.16356561,62.93967006,60.87636851,59.01560357,57.24103158,55.61787611,54.18537138,52.87267563,51.6114992,50.36249163,49.12701102,47.84981057,46.59268297,
South Sudan,SSD,"Mortality rate, infant, female (per 1,000 live births)",SP.DYN.IMRT.FE.IN,,,,,,,,,,,,,,,,,,,,,161.6,159.7,157.9,155.8,153.8,151.6,149.1,146.6,144.1,141.5,138.7,135.9,133,129.7,126.3,122.7,118.9,115,110.8,106.3,101.7,97,92.4,88,83.8,79.7,75.8,72.2,68.8,65.6,62.6,60,58.1,57.2,57,57,56.9,56.9,57.1,57.2,
Sub-Saharan Africa,SSF,"Mortality rate, infant, female (per 1,000 live births)",SP.DYN.IMRT.FE.IN,,,,,,,,,,,,,,,,,,,,,,,,,,,,,,,98.1,97.2,96.3,95.4,94.4,93.2,91.6,90,88,85.8,83.3,80.7,77.9,75.2,72.5,69.9,67.4,65.1,62.9,60.8,59,57.2,55.6,54.1,52.8,51.6,50.3,49.1,47.8,46.5,
Small states,SST,"Mortality rate, infant, female (per 1,000 live births)",SP.DYN.IMRT.FE.IN,,,,,,,,,,,,,,,,,,,,,,,,,,,,,,,50.37147411,49.60723901,49.00707442,48.49952763,48.05834909,47.62034,47.0064886,46.46666224,45.86220507,45.17368937,44.42659273,43.59240685,42.724296,41.83486352,40.87938789,39.61994265,38.35452021,37.43956712,36.82976446,35.75810565,34.76052139,34.05406247,33.41988347,32.72809723,32.08396926,31.31465538,30.68837371,30.07037068,29.23488706,28.55890631,
Sao Tome and Principe,STP,"Mortality rate, infant, female (per 1,000 live births)",SP.DYN.IMRT.FE.IN,,,,,,56.4,54.7,53.2,52.1,51.3,51,51,51.2,51.5,51.9,52.2,52.4,52.5,52.7,52.9,53.3,53.9,54.7,55.7,56.7,57.9,58.9,59.8,60.7,61.5,62,62.3,62.3,62,61.3,60.1,58.6,56.7,54.6,52.3,49.8,47.3,44.9,42.5,40.2,38.1,36.1,34.2,32.6,31,29.4,28,26.7,25.6,24.6,23.6,22.8,22,21.3,20.7,
Suriname,SUR,"Mortality rate, infant, female (per 1,000 live births)",SP.DYN.IMRT.FE.IN,,,,,,,,,,,,,,,,,,,,,,,,42.9,41.6,40.3,39.1,37.9,36.7,35.5,34.4,33.3,32.2,31.1,30,28.9,27.9,26.8,25.9,25,24.1,23.2,22.5,21.8,21.1,20.5,19.9,19.4,18.9,18.4,18,17.5,17.1,16.7,16.2,15.8,15.3,14.9,14.5,14.1,
Slovak Republic,SVK,"Mortality rate, infant, female (per 1,000 live births)",SP.DYN.IMRT.FE.IN,,,,,,,,,,,,,,,,,,,,,,16.3,15.6,14.9,14.3,13.6,13,12.4,11.9,11.4,10.9,10.5,10.1,9.7,9.3,8.9,8.5,8.2,7.9,7.6,7.3,7,6.8,6.5,6.3,6.1,5.9,5.7,5.5,5.3,5.1,5,4.9,4.8,4.7,4.6,4.5,4.4,4.3,4.2,
Slovenia,SVN,"Mortality rate, infant, female (per 1,000 live births)",SP.DYN.IMRT.FE.IN,,,,,,,,,,,,,,,,,,,,,,13.7,12.9,12.2,11.5,10.8,10.1,9.5,8.9,8.3,7.8,7.3,6.8,6.4,6,5.6,5.3,4.9,4.7,4.4,4.1,3.9,3.7,3.5,3.3,3.2,3,2.8,2.7,2.5,2.4,2.3,2.2,2.1,1.9,1.9,1.8,1.7,1.6,1.5,
Sweden,SWE,"Mortality rate, infant, female (per 1,000 live births)",SP.DYN.IMRT.FE.IN,14.1,13.8,13.4,13,12.4,11.8,11.3,10.8,10.4,10.1,9.7,9.4,9,8.5,8.1,7.6,7.3,7,6.7,6.5,6.3,6.2,6,5.9,5.8,5.7,5.7,5.6,5.5,5.4,5.2,4.9,4.6,4.2,3.9,3.6,3.4,3.2,3.1,3.1,3,3,3,2.9,2.8,2.7,2.6,2.5,2.4,2.3,2.3,2.2,2.2,2.2,2.2,2.1,2.1,2,2,1.9,
Eswatini,SWZ,"Mortality rate, infant, female (per 1,000 live births)",SP.DYN.IMRT.FE.IN,129.3,127.2,125.1,122.8,120.5,118.1,115.6,113.1,110.7,108.2,105.6,102.8,99.7,96.4,92.9,89.4,85.8,82.3,79,75.8,72.5,69.3,66,62.7,59.4,56.3,53.4,50.8,48.5,46.8,45.6,45.4,46.1,47.6,49.4,51.4,53.2,55,56.8,58.6,60.2,61.4,62,62.5,62,61.5,54.9,55,55.9,52.3,49.6,48.5,47.4,46.6,46.8,41,39.3,40.1,36.4,34.4,
Sint Maarten (Dutch part),SXM,"Mortality rate, infant, female (per 1,000 live births)",SP.DYN.IMRT.FE.IN,,,,,,,,,,,,,,,,,,,,,,,,,,,,,,,,,,,,,,,,,,,,,,,,,,,,,,,,,,,,,
Seychelles,SYC,"Mortality rate, infant, female (per 1,000 live births)",SP.DYN.IMRT.FE.IN,70.1,69.2,68.3,67.3,66.1,64.6,62.8,60.7,58.2,55.5,52.6,49.6,46.5,43.4,40.3,37.1,34,31,28.2,25.6,23.3,21.3,19.6,18.1,16.9,15.9,15.1,14.4,13.8,13.3,12.8,12.4,12.1,11.8,11.5,11.3,11.2,11.1,11,10.9,10.9,10.8,10.8,10.8,10.8,10.9,10.9,10.9,11,11,11.1,11.2,11.3,11.4,11.5,11.6,11.6,11.6,11.4,11.2,
Syrian Arab Republic,SYR,"Mortality rate, infant, female (per 1,000 live births)",SP.DYN.IMRT.FE.IN,113,107.9,103.3,99,95,91.1,87.3,83.4,79.5,75.6,71.8,68.2,64.8,61.7,58.8,56.1,53.4,50.7,48.2,45.6,43.2,41,39,37,35.3,33.7,32.2,30.9,29.6,28.5,27.4,26.4,25.4,24.3,23.2,22.1,21.1,20.1,19.2,18.3,17.6,17,16.4,15.9,15.5,15.2,15,14.8,14.6,14.6,14.6,14.7,15.3,15.7,16,16,16.2,16.3,16.2,16.1,
Turks and Caicos Islands,TCA,"Mortality rate, infant, female (per 1,000 live births)",SP.DYN.IMRT.FE.IN,,,,,,,,,,,,,,,,,,,,,,,,,,,,,,,,,,,,,,,,,,,,,,,,,,,,,,,,,,,,,
Chad,TCD,"Mortality rate, infant, female (per 1,000 live births)",SP.DYN.IMRT.FE.IN,,,,,,,,,,,,,119.5,119,118.5,117.9,117.3,116.8,116.2,115.5,114.8,114,113,111.9,110.8,109.6,108.3,107.1,105.7,104.5,103.3,102.1,101,99.9,98.9,98,97,95.9,94.6,93.3,91.8,90.4,88.9,87.5,86.2,84.8,83.3,81.8,80.2,78.5,76.8,75.2,73.6,72,70.5,69,67.4,65.8,64.2,62.5,
East Asia & Pacific (IDA & IBRD countries),TEA,"Mortality rate, infant, female (per 1,000 live births)",SP.DYN.IMRT.FE.IN,,,,,,,,,,,,,,,,,,,,,,,,,,,,,,,42.07068188,41.38344901,40.46894597,39.33540294,38.16800215,36.94315594,35.68155272,34.44991311,33.11684114,31.78490709,30.33138663,28.82492322,27.27887702,25.67522051,24.34306812,22.73969017,21.4164121,20.21328595,19.29320827,18.1378776,17.19138075,16.28312482,15.49270956,14.7368574,13.98395385,13.38361352,12.73555384,12.16981549,11.65683647,11.17650884,
Europe & Central Asia (IDA & IBRD countries),TEC,"Mortality rate, infant, female (per 1,000 live births)",SP.DYN.IMRT.FE.IN,,,,,,,,,,,,,,,,,,,,,,,,,,,,,,,31.86299123,31.70309336,31.74310215,31.69783766,31.41668848,30.8811624,30.04202431,29.02516095,27.77520318,26.47908481,25.06534403,23.63205892,22.22223436,20.85443774,19.56273806,18.31109217,17.20725942,16.13699821,15.23585976,14.37131291,13.6021831,12.94082142,12.3530726,11.71659685,11.10944479,10.51166685,9.943108378,9.438045244,8.962462666,8.531945676,
Togo,TGO,"Mortality rate, infant, female (per 1,000 live births)",SP.DYN.IMRT.FE.IN,146.2,143.5,141,138.6,136,133.4,130.9,128.3,125.6,123.1,120.5,117.9,115.4,113,110.7,108.5,106.2,104,101.8,99.7,97.6,95.6,93.7,91.9,90,88.3,86.7,85.2,83.8,82.5,81.3,80.1,79,77.8,76.4,75.1,73.6,72.1,70.5,68.8,67.1,65.4,63.8,62.1,60.5,59,57.5,56,54.6,53.2,51.9,50.6,49.3,48,46.9,45.7,44.4,43.2,42.1,41,
Thailand,THA,"Mortality rate, infant, female (per 1,000 live births)",SP.DYN.IMRT.FE.IN,93.7,90.7,87.7,84.7,81.8,78.9,76.1,73.3,70.4,67.6,64.8,62,59.3,56.6,54.1,51.7,49.6,47.5,45.5,43.6,41.9,40.1,38.5,36.9,35.4,33.9,32.4,31,29.5,28.2,26.8,25.5,24.2,23,21.9,20.9,19.9,19,18.1,17.3,16.4,15.7,15,14.3,13.6,13,12.4,11.9,11.3,10.8,10.3,9.9,9.4,9,8.6,8.2,7.9,7.5,7.2,6.9,
Tajikistan,TJK,"Mortality rate, infant, female (per 1,000 live births)",SP.DYN.IMRT.FE.IN,,,,,,,,,,,,,107.2,103.5,100.2,97.4,95,93,91.6,90.6,90.3,90,89.4,88.3,86.4,83.8,80.5,77.1,74.3,72.6,72.4,74.3,77.3,79.6,79.9,78.4,75.9,72.5,68.6,64.5,60.2,55.9,51.8,48,44.6,41.4,38.8,36.7,34.9,33.5,32.4,31.5,30.7,30,29.4,28.7,28,27.3,26.6,25.8,
Turkmenistan,TKM,"Mortality rate, infant, female (per 1,000 live births)",SP.DYN.IMRT.FE.IN,,,,,,,,,,,,,,,,,,89.8,87,84,81,78,75,71.9,69.1,66.2,63.4,60.9,58.8,57.1,55.8,55.2,55.2,55.4,55.7,55.9,55.6,54.9,53.5,51.6,49.3,46.9,44.5,42.1,39.8,37.7,35.9,34.4,33.1,32.1,31.4,31,30.7,30.7,30.7,30.8,31.1,31.3,31.3,31.1,
Latin America & the Caribbean (IDA & IBRD countries),TLA,"Mortality rate, infant, female (per 1,000 live births)",SP.DYN.IMRT.FE.IN,,,,,,,,,,,,,,,,,,,,,,,,,,,,,,,39.31134157,37.76463649,36.23689021,34.67961363,33.11509132,31.566245,30.03355689,28.6045327,27.31354608,25.97142118,24.67071095,23.5063015,22.41820016,21.4084474,20.42884931,19.51805343,18.72492412,17.94437763,17.27968074,16.64893162,16.77806325,15.55409141,15.0690952,14.60437687,14.14761108,13.79237478,13.87945567,13.19957755,12.78416396,12.42369432,
Timor-Leste,TLS,"Mortality rate, infant, female (per 1,000 live births)",SP.DYN.IMRT.FE.IN,,,,,,,,,,,,,,,,,,,,,,,,,,154.1,147.2,140.8,134.7,128.9,123.4,118.1,113,108.2,103.5,98.9,94.6,90.4,86.4,82.5,78.7,75,71.4,67.7,64.2,60.8,57.5,54.5,51.7,49.4,47.3,45.4,43.8,42.2,40.8,39.4,38.1,36.8,35.6,34.5,
Middle East & North Africa (IDA & IBRD countries),TMN,"Mortality rate, infant, female (per 1,000 live births)",SP.DYN.IMRT.FE.IN,,,,,,,,,,,,,,,,,,,,,,,,,,,,,,,49.30464702,47.60095291,46.00199118,44.46377709,42.88524061,41.30069688,39.73051884,38.18381622,36.6384853,35.18737662,33.76772407,32.38330196,31.00185662,29.7586503,28.57081151,27.40181299,26.33092632,25.25101739,24.25936896,23.3197643,22.51195192,21.80031958,21.25884168,20.695634,20.18663423,19.73173657,19.24152792,18.78896426,18.42286527,17.99945785,
Tonga,TON,"Mortality rate, infant, female (per 1,000 live births)",SP.DYN.IMRT.FE.IN,,,,67.4,63.8,60.3,56.9,53.6,50.4,47.4,44.6,42,39.7,37.7,35.9,34.3,32.8,31.4,30.1,29,27.9,27,26.2,25.6,25,24.6,24,23.5,22.9,22.2,21.5,20.7,20.1,19.5,19.1,18.7,18.5,18.3,18,17.8,17.5,17.3,17,16.8,16.7,16.6,16.5,16.5,16.5,16.5,16.4,16.4,16.4,16.4,16.4,16.4,16.4,16.4,16.3,16.1,
South Asia (IDA & IBRD),TSA,"Mortality rate, infant, female (per 1,000 live births)",SP.DYN.IMRT.FE.IN,,,,,,,,,,,,,,,,,,,,,,,,,,,,,,,88.57456552,86.37623358,84.32296194,82.40869569,80.48264231,78.45055182,76.2672437,74.16389311,71.92186407,69.48529875,67.46226045,65.3211557,63.31509116,61.33774044,59.1424234,57.26944013,55.25412263,53.40406982,51.49280589,49.53768737,47.60355656,45.68094302,43.75699693,41.82804975,39.97587731,38.20883881,36.50329825,34.83280854,33.2653488,31.87115498,
Sub-Saharan Africa (IDA & IBRD countries),TSS,"Mortality rate, infant, female (per 1,000 live births)",SP.DYN.IMRT.FE.IN,,,,,,,,,,,,,,,,,,,,,,,,,,,,,,,98.1400209,97.23665715,96.36907091,95.4224465,94.46171192,93.17561679,91.66869347,89.99121005,88.01100764,85.7860612,83.35442862,80.71316833,77.97101886,75.20472923,72.51994845,69.9019014,67.4776905,65.1326989,62.91148379,60.85055654,58.99194242,57.21930129,55.59788992,54.16682843,52.85522688,51.59504352,50.34699342,49.11246162,47.8361937,46.58001291,
Trinidad and Tobago,TTO,"Mortality rate, infant, female (per 1,000 live births)",SP.DYN.IMRT.FE.IN,51.3,49.7,48.2,46.8,45.5,44.4,43.4,42.4,41.6,40.9,40,39.3,38.5,37.7,36.8,35.9,35,34,33,32.1,31.1,30.1,29.2,28.4,27.6,26.9,26.2,25.6,25.1,24.6,24.2,23.8,23.5,23.3,23.1,22.9,22.8,22.7,22.6,22.5,22.5,22.4,22.2,21.8,21.4,21,20.5,20,19.4,18.9,18.3,17.8,17.2,16.7,16.2,15.7,15.3,14.9,14.5,14,
Tunisia,TUN,"Mortality rate, infant, female (per 1,000 live births)",SP.DYN.IMRT.FE.IN,,,167.9,160,152.6,145.2,138.3,131.5,124.9,118.7,112.8,107.3,102.1,96.9,91.8,86.5,81.4,76.5,71.8,67.6,63.7,60.3,57.1,54.2,51.5,48.9,46.7,44.6,42.7,41.1,39.4,37.9,36.3,34.6,32.9,31.1,29.3,27.4,25.6,23.9,22.4,20.9,19.7,18.6,17.7,16.9,16.1,15.5,15,14.6,14.3,14,13.8,13.6,13.5,13.4,13.3,13.3,13.2,13.1,
Turkey,TUR,"Mortality rate, infant, female (per 1,000 live births)",SP.DYN.IMRT.FE.IN,160.9,156.4,151.9,147.2,142.7,138.5,134.5,130.7,127.2,123.7,120.3,116.8,113.3,109.8,106.2,102.6,98.9,95.3,91.6,88,84.3,80.7,77.2,73.6,70.2,66.9,63.7,60.6,57.6,54.9,52.2,49.7,47.3,44.9,42.5,40.3,38,35.9,33.7,31.7,29.7,27.8,26,24.2,22.6,21,19.6,18.2,17,15.8,14.7,13.8,12.9,12,11.2,10.5,9.8,9.2,8.6,8,
Tuvalu,TUV,"Mortality rate, infant, female (per 1,000 live births)",SP.DYN.IMRT.FE.IN,,,,,,,,,,,,,,,,53.8,51.8,49.8,47.9,46.3,44.8,43.4,42.3,41.2,40.3,39.6,39,38.6,38.2,37.7,37.3,36.8,36.1,35.5,34.7,33.9,33.1,32.2,31.3,30.4,29.5,28.8,28.1,27.5,26.9,26.4,25.9,25.4,24.8,24.1,23.4,22.8,22.1,21.5,20.8,20.2,19.6,19,18.5,17.9,
Tanzania,TZA,"Mortality rate, infant, female (per 1,000 live births)",SP.DYN.IMRT.FE.IN,134.6,133.4,132.2,130.9,129.5,127.9,126.1,124.3,122.6,120.8,119,117.3,115.4,113.4,111.4,109.3,107.2,105.2,103.3,101.8,100.9,100.7,100.8,101.1,101.3,101.1,100.4,99.2,97.8,96.4,95,93.8,92.6,91.4,90,88.6,86.9,84.6,81.7,78.2,74.3,70,65.6,61.6,58,54.8,52.2,49.5,47.6,45.3,43.7,42.1,40.8,39.7,38.6,37.6,36.5,35.1,33.9,32.9,
Uganda,UGA,"Mortality rate, infant, female (per 1,000 live births)",SP.DYN.IMRT.FE.IN,122.1,119.9,118.1,116.1,114.2,112.5,110.6,108.9,107.3,106.2,105.5,105.5,105.9,107,108.6,110.7,113.1,115.7,118.1,119.6,120.7,120,117.8,114.8,111.9,109.2,106.9,104.9,103.1,101.3,99.2,96.9,94.7,92.7,91,89.7,88.5,87.1,85.4,82.9,79.9,76.4,72.5,68.3,64,60,56.4,52.9,49.8,47.4,45,42.9,40.1,38.5,36.7,35.2,33.7,32.2,30.9,29.8,
Ukraine,UKR,"Mortality rate, infant, female (per 1,000 live births)",SP.DYN.IMRT.FE.IN,,,,,,,,,,,,24.7,23.9,23.2,22.6,22,21.5,21.1,20.7,20.3,19.9,19.4,18.7,18.1,17.4,16.7,16.1,15.5,15.1,14.8,14.6,14.6,14.7,14.8,15.1,15.2,15.3,15.2,14.9,14.4,13.9,13.3,12.7,12.1,11.5,11,10.6,10.2,9.8,9.4,8.9,8.5,8.1,7.8,7.5,7.2,7,6.8,6.6,6.4,
Upper middle income,UMC,"Mortality rate, infant, female (per 1,000 live births)",SP.DYN.IMRT.FE.IN,,,,,,,,,,,,,,,,,,,,,,,,,,,,,,,39.5,38.6,37.6,36.5,35.3,34,32.7,31.4,30.1,28.8,27.4,26,24.6,23.2,22.1,20.7,19.5,18.4,17.4,16.4,15.5,14.8,14,13.4,12.8,12.2,11.8,11.2,10.8,10.3,
Uruguay,URY,"Mortality rate, infant, female (per 1,000 live births)",SP.DYN.IMRT.FE.IN,50.5,49.3,47.9,46.6,45.8,45.3,45.1,44.8,44.1,43.1,42.2,41.8,41.9,42.5,43.2,43.7,43.1,41.4,38.4,34.8,31.2,28.1,25.7,24,23,22.2,21.3,20.3,19.3,18.5,17.8,17.2,16.7,16.3,16,15.7,15.2,14.6,14,13.4,12.9,12.6,12.3,12,11.5,11,10.3,9.7,9.1,8.6,8.2,7.8,7.6,7.3,7,6.7,6.4,6.1,5.7,5.4,
United States,USA,"Mortality rate, infant, female (per 1,000 live births)",SP.DYN.IMRT.FE.IN,22.4,22,21.6,21.1,20.7,20.2,19.7,19.2,18.5,17.9,17.3,16.6,15.9,15.3,14.6,14,13.4,12.8,12.2,11.7,11.2,10.8,10.3,10,9.7,9.4,9.2,9,8.8,8.6,8.3,8,7.8,7.6,7.3,7.1,6.9,6.7,6.6,6.5,6.4,6.3,6.2,6.1,6.1,6,6,5.9,5.9,5.7,5.6,5.6,5.5,5.4,5.3,5.3,5.2,5.2,5.1,5.1,
Uzbekistan,UZB,"Mortality rate, infant, female (per 1,000 live births)",SP.DYN.IMRT.FE.IN,,,,,,,,,,,,,,,,,,,,85.9,80.8,75.9,71.4,67.3,63.7,60.4,57.5,55.1,53.3,52,51.3,51.1,51,50.8,50.5,50,49.4,48.6,47.6,46.3,44.7,42.8,40.8,38.8,36.8,34.7,32.7,30.7,28.8,26.8,25,23.3,21.7,20.1,18.7,17.3,16,15,14.1,13.3,
St. Vincent and the Grenadines,VCT,"Mortality rate, infant, female (per 1,000 live births)",SP.DYN.IMRT.FE.IN,111.3,104.9,96.9,87.8,79.1,71.2,64.5,59.2,55.2,52.4,50.9,50.5,51,52,52.8,52.6,51.3,48.9,45.6,42,38.3,34.9,31.7,28.7,26.1,23.9,22.1,20.7,19.6,18.7,18.1,17.6,17.4,17.2,17.2,17.3,17.4,17.5,17.6,17.6,17.6,17.5,17.5,17.4,17.3,17.3,17.2,17.1,16.9,16.5,16.2,15.7,15.3,14.8,14.3,13.9,13.4,13,12.6,12.2,
"Venezuela, RB",VEN,"Mortality rate, infant, female (per 1,000 live births)",SP.DYN.IMRT.FE.IN,52.5,51.1,49.8,48.7,47.7,46.9,46.1,45.3,44.5,43.6,42.7,41.7,40.5,39.4,38.4,37.3,36.2,35,33.8,32.6,31.4,30.2,29.1,28.1,27.1,26.3,25.5,24.6,23.7,22.7,21.9,21.2,20.8,20.4,19.9,19.5,18.9,18.2,17.4,17.7,16.1,15.6,15.3,14.9,14.4,13.9,13.4,13.1,12.9,12.9,12.9,13,13.1,13.3,13.6,14.5,19.1,19.1,19.1,19.1,
British Virgin Islands,VGB,"Mortality rate, infant, female (per 1,000 live births)",SP.DYN.IMRT.FE.IN,,,,,,,,,,,,,,,,,,,,,,,,,,,,,,,,,,,,,,,,,,,,,,,,,,,,,,,,,,,,,
Virgin Islands (U.S.),VIR,"Mortality rate, infant, female (per 1,000 live births)",SP.DYN.IMRT.FE.IN,,,,,,,,,,,,,,,,,,,,,,,,,,,,,,,,,,,,,,,,,,,,,,,,,,,,,,,,,,,,,
Vietnam,VNM,"Mortality rate, infant, female (per 1,000 live births)",SP.DYN.IMRT.FE.IN,,,,,49.8,49.4,49.2,48.9,48.6,48.2,47.9,47.5,47,46.4,45.8,45.1,44.3,43.4,42.6,41.7,40.9,40,39.3,38.6,37.9,37.1,36.3,35.4,34.3,33.1,31.9,30.6,29.2,27.9,26.6,25.3,24.1,22.9,21.9,20.9,20,19.3,18.6,17.9,17.4,17,16.6,16.3,16.1,15.9,15.7,15.5,15.3,15.1,15,14.8,14.6,14.3,14,13.7,
Vanuatu,VUT,"Mortality rate, infant, female (per 1,000 live births)",SP.DYN.IMRT.FE.IN,99.5,97.2,94.9,92.2,89.4,86.6,83.6,80.7,77.8,75,72.2,69.6,67,64.6,62.2,60,57.8,55.6,53.2,50.7,48.2,45.5,42.8,40,37.4,34.9,32.8,30.8,29.2,27.8,26.6,25.5,24.6,23.8,23.2,22.7,22.4,23,21.9,21.8,21.7,21.7,21.7,21.7,21.8,21.9,22,22.2,22.4,22.6,22.8,22.9,22.9,22.8,22.5,22.1,21.6,21.1,20.6,20,
World,WLD,"Mortality rate, infant, female (per 1,000 live births)",SP.DYN.IMRT.FE.IN,,,,,,,,,,,,,,,,,,,,,,,,,,,,,,,60.5,59.7,58.9,58.1,57.3,56.3,55.2,54,52.6,51.1,49.7,48.1,46.5,44.9,43.2,41.6,40.1,38.6,37.2,35.8,34.6,33.3,32.2,31.1,30.2,29.2,28.4,27.6,26.8,26,
Samoa,WSM,"Mortality rate, infant, female (per 1,000 live births)",SP.DYN.IMRT.FE.IN,71.2,68.7,66.4,64.3,62.3,60.4,58.4,56.3,54.2,52,49.7,47.5,45.4,43.5,41.8,40.1,38.5,37,35.5,34.1,32.8,31.5,30.2,29,27.9,26.8,25.7,24.8,23.9,23.2,22.5,21.8,21.1,20.4,19.7,19,18.3,17.7,17.1,16.5,15.9,15.4,15,14.7,14.5,14.4,14.3,14.3,14.3,15.3,14.2,14.1,13.9,13.6,13.4,13,12.7,12.3,12,11.6,
Kosovo,XKX,"Mortality rate, infant, female (per 1,000 live births)",SP.DYN.IMRT.FE.IN,,,,,,,,,,,,,,,,,,,,,,,,,,,,,,,,,,,,,,,,,,,,,,,,,,,,,,,,,,,,,
"Yemen, Rep.",YEM,"Mortality rate, infant, female (per 1,000 live births)",SP.DYN.IMRT.FE.IN,,,260.9,255.7,250.3,243.9,236.7,229.1,221,212.7,204.5,196.7,189.2,182.2,175.3,167.9,160.3,152.4,144.5,136.6,129,121.5,114.3,107.9,102.3,97.3,93.1,89.4,86.2,83.4,81.1,79,77.2,75.6,74.2,72.8,71.4,69.9,67.9,65.6,62.9,60.2,57.4,54.7,52.1,49.7,47.3,44.9,42.7,40.8,39.5,39,38.9,38.9,38.9,39.3,39.3,39.3,39.6,39.6,
South Africa,ZAF,"Mortality rate, infant, female (per 1,000 live births)",SP.DYN.IMRT.FE.IN,,,,,,,,,,,,,,,83.4,79.2,75.2,71.4,67.8,64.5,61.4,58.5,55.8,53.3,50.9,48.8,46.7,44.8,43.1,41.6,40.3,39.4,39,39,39.4,40,40.6,41.1,41.5,42.2,42.6,42.9,43.1,43.6,44.6,44.5,43.8,41.6,38,33.5,29.8,27.9,27.2,26.7,26.5,26,25.8,25.7,25.4,25.1,
Zambia,ZMB,"Mortality rate, infant, female (per 1,000 live births)",SP.DYN.IMRT.FE.IN,114.1,112.2,110.4,108.8,107.4,106.5,105.8,105.2,104.4,103.1,101.3,98.9,96.3,93.5,91.2,89.4,88.4,88,88.1,88.4,88.9,89.3,89.9,90.9,92.4,94.2,96.1,97.9,99.1,99.9,100.2,100,99.4,98.1,96.5,94.5,92.7,91,89.1,86.7,83.3,78.8,73.7,68.6,63.3,58.6,55.4,53.5,51.1,49.5,47.8,46.6,45.5,44.4,43.3,42.5,41.6,40.1,39.4,38.5,
Zimbabwe,ZWE,"Mortality rate, infant, female (per 1,000 live births)",SP.DYN.IMRT.FE.IN,83.4,81.2,79.1,76.8,74.4,72.1,69.9,68,66.5,65.3,64.4,63.8,63.3,63.1,63,63,63,63,62.8,61.9,60.6,58.5,55.8,52.9,50,47.4,45.3,44,43.3,43.1,43.6,44.4,45.5,46.8,48,49.1,49.3,48.8,47.8,46.6,45.7,45.1,45,45.1,46.2,47.1,48.9,50.1,50.3,49.9,48,46.1,42.6,40.8,39.3,38.1,36.7,35.9,34.8,34,